t_seconds,time_ratio,S_thr,A_pred_m2,r_eq_from_area_m,r_contour_mean_m,r_contour_p95_m,n_contour_points
0.10000000149011612,5.77327761401935e-06,0.5,0.019375000000000003,0.07853186642892772,0.5221269711311012,0.54106782555249,38
0.20999999344348907,1.2123882430255132e-05,0.5,0.019375000000000003,0.07853186642892772,0.5221406147424288,0.5410814654398047,38
0.3310000002384186,1.9109548631414153e-05,0.5,0.019375000000000003,0.07853186642892772,0.5221556193944038,0.5410964618987116,38
0.4641000032424927,2.6793781194603457e-05,0.5,0.019375000000000003,0.07853186642892772,0.5221721204931624,0.5411129490343294,38
0.610509991645813,3.52464361538263e-05,0.5,0.019375000000000003,0.07853186642892772,0.5221902668413718,0.5411310740408918,38
0.7715610265731812,4.4544359361884684e-05,0.5,0.019375000000000003,0.07853186642892772,0.5222102219554814,0.541150998451687,38
0.9487171173095703,5.4772072137835646e-05,0.5,0.019375000000000003,0.07853186642892772,0.5222321654719504,0.5411728994638482,38
1.1435887813568115,6.602255412669677e-05,0.5,0.019375000000000003,0.07853186642892772,0.522256294748046,0.5411969714405412,38
1.3579477071762085,7.839808982027052e-05,0.5,0.019375000000000003,0.07853186642892772,0.5222828265821962,0.5412234275121359,38
1.5937424898147583,9.201117701851669e-05,0.5,0.019375000000000003,0.07853186642892772,0.522311999046735,0.5412525012651846,38
1.853116750717163,0.00010698557293658748,0.5,0.019375000000000003,0.07853186642892772,0.5223440735910894,0.5412844486718297,38
2.1384284496307373,0.00012345740913469367,0.5,0.020000000000000004,0.07978845608028655,0.5223793281518635,0.5413195501013739,38
2.4522712230682373,0.00014157642344678396,0.5,0.020000000000000004,0.07978845608028655,0.5224179216161481,0.5413581125038979,38
2.7974982261657715,0.00016150733643717006,0.5,0.020000000000000004,0.07978845608028655,0.5224603479299353,0.5414004718086756,38
3.177248239517212,0.00018343135862053088,0.5,0.020000000000000004,0.07978845608028655,0.5225069849087732,0.5414469954890315,38
3.594973087310791,0.0002075477733870314,0.5,0.020000000000000004,0.07978845608028655,0.5225582469063842,0.5414980851549097,38
4.054470062255859,0.0002340758089833326,0.5,0.020000000000000004,0.07978845608028655,0.5226145883724326,0.5415541795994591,38
4.559917449951172,0.00026325668943296267,0.5,0.020000000000000004,0.07978845608028655,0.5226765077007778,0.5416157580327859,38
5.115909099578857,0.00029535563039842326,0.5,0.020000000000000004,0.07978845608028655,0.5227445508542402,0.5416833429733037,38
5.727499961853027,0.00033066446821334314,0.5,0.020000000000000004,0.07978845608028655,0.5228193162049576,0.5417575042057264,38
6.40024995803833,0.0003695041925626683,0.5,0.020000000000000004,0.07978845608028655,0.5229014590160685,0.5418388622132987,38
7.140275001525879,0.00041222789209983913,0.5,0.020000000000000004,0.07978845608028655,0.522991696615199,0.5419280920991638,38
7.9543023109436035,0.00045922394782616085,0.5,0.020000000000000004,0.07978845608028655,0.5230908138730933,0.5420259275776761,38
8.849732398986816,0.000510919611878028,0.5,0.020000000000000004,0.07978845608028655,0.523199669235568,0.5421331652415585,38
9.83470630645752,0.0005677848891346071,0.5,0.020000000000000004,0.07978845608028655,0.5233192010838511,0.5422506688374575,38
10.918176651000977,0.0006303366390585792,0.5,0.020625000000000004,0.08102556018035718,0.5234502854794163,0.5423793732756758,38
12.109993934631348,0.0006991435584691219,0.5,0.020625000000000004,0.08102556018035718,0.5235934229507156,0.5425202896137844,38
13.42099380493164,0.0007748312193731574,0.5,0.020625000000000004,0.08102556018035718,0.5237504963448723,0.54267450916722,38
14.863093376159668,0.0008580876298501169,0.5,0.021250000000000005,0.08224405803099427,0.5239224036003008,0.5428432075684313,38
16.44940185546875,0.000949669620810681,0.5,0.021250000000000005,0.08224405803099427,0.5241107465709952,0.5430276492161252,38
18.1943416595459,0.0010504098383964339,0.5,0.021250000000000005,0.08224405803099427,0.5243172305672301,0.5432291914708745,38
20.11377716064453,0.001161224176845639,0.5,0.021250000000000005,0.08224405803099427,0.5245435323064683,0.5434492880750867,38
22.225154876708984,0.0012831198720581938,0.5,0.021250000000000005,0.08224405803099427,0.5247914695378979,0.5436894920522591,38
24.547670364379883,0.0014172051367920039,0.5,0.021250000000000005,0.08224405803099427,0.5250630115826043,0.5439514596086479,38
27.102436065673828,0.0015646988509176241,0.5,0.022500000000000003,0.08462843753216345,0.5236970137282085,0.5437694862513845,44
29.91267967224121,0.0017269420135373774,0.5,0.022500000000000003,0.08462843753216345,0.524027280383643,0.5440819052941451,44
33.00394821166992,0.0019054095254540649,0.5,0.022500000000000003,0.08462843753216345,0.5243925249986656,0.5444218290193098,44
35.55635452270508,0.0020527670254320766,0.5,0.022500000000000003,0.08462843753216345,0.5246955576365656,0.544699625361083,44
38.28925323486328,0.0022105448526438566,0.5,0.023125000000000003,0.08579578146972122,0.5255767994140753,0.5464683597774997,45
41.10405731201172,0.0023730513038868364,0.5,0.023750000000000004,0.08694745422877562,0.525905193895034,0.5467694216723588,45
44.173431396484375,0.00255025478815567,0.5,0.024375000000000004,0.08808407049932411,0.5262568599940164,0.547095980770976,45
47.10590744018555,0.0027195547686003838,0.5,0.024375000000000004,0.08808407049932411,0.5265896268827519,0.5474063117093516,45
49.933502197265625,0.0028827996612935344,0.5,0.024375000000000004,0.08808407049932411,0.5269088800653294,0.5477040255535437,45
52.87836837768555,0.003052814958717119,0.5,0.025,0.08920620580763855,0.5272405259009102,0.5480125236037714,45
56.015167236328125,0.003233911062321403,0.5,0.025,0.08920620580763855,0.5275924714590724,0.5483393975631096,45
59.2760009765625,0.003422168043871497,0.5,0.025625000000000005,0.09031439992304459,0.5279566981094838,0.5486773306371264,45
62.57337951660156,0.0036125348581363633,0.5,0.025625000000000005,0.09031439992304459,0.5283235052529033,0.5490171441340086,45
65.84728240966797,0.0038015463581500073,0.5,0.025625000000000005,0.09031439992304459,0.5286856726949455,0.5493526681750025,45
69.17489624023438,0.003993658739648412,0.5,0.026250000000000002,0.09140915989289315,0.529507288559764,0.550028218376935,46
72.54934692382812,0.004188475142657462,0.5,0.026250000000000002,0.09140915989289315,0.529870235637708,0.5501857486668015,46
75.966796875,0.004385774012718801,0.5,0.027500000000000004,0.09356025796273888,0.5302384585658151,0.5502239743635566,46
79.65008544921875,0.004598420484265225,0.5,0.027500000000000004,0.09356025796273888,0.5306356939099348,0.5502710730830652,46
83.02156829833984,0.0047930655459535974,0.5,0.027500000000000004,0.09356025796273888,0.5309974507251056,0.5503194716092077,46
86.64613342285156,0.005002321749774425,0.5,0.028750000000000005,0.09566299821657266,0.5313868183297435,0.5503770617747924,46
90.22319030761719,0.005208835171066047,0.5,0.029375000000000002,0.09669722284868812,0.5317725686358159,0.5504546122932692,46
93.83621978759766,0.0054174253901134424,0.5,0.030625000000000003,0.09873317712085736,0.5321616186151733,0.550603842124644,46
97.62362670898438,0.00563608290279943,0.5,0.030625000000000003,0.09873317712085736,0.532569095294082,0.5509167398974408,46
101.30149841308594,0.005848416643400659,0.5,0.030625000000000003,0.09873317712085736,0.5329627067019072,0.551218914935873,46
104.84056854248047,0.006052736983880829,0.5,0.03125,0.09973557010035818,0.5333402200801133,0.5515154337902486,46
108.47956848144531,0.006262826549600685,0.5,0.03125,0.09973557010035818,0.5337270056337786,0.5519077975759071,46
112.23210144042969,0.006479470691652179,0.5,0.03125,0.09973557010035818,0.5341237351415767,0.5523094875247633,46
116.04750061035156,0.006699744274532427,0.5,0.03125,0.09973557010035818,0.5345249393813659,0.5527149227317965,46
119.88442993164062,0.006921260852803299,0.5,0.03125,0.09973557010035818,0.5349262384899144,0.5531196634240934,46
123.69794464111328,0.007141425640551907,0.5,0.03187500000000001,0.10072798827589247,0.5353237879301088,0.553519022652411,46
127.43751525878906,0.00735732143066553,0.5,0.03312500000000001,0.10268405416537696,0.535715468138004,0.553907869012727,46
131.29019165039062,0.00757974713100807,0.5,0.03312500000000001,0.10268405416537696,0.536119541774368,0.5543056591923595,46
135.1450653076172,0.007802299685593169,0.5,0.03312500000000001,0.10268405416537696,0.536521685509326,0.554700865761717,46
139.0649871826172,0.00802860765431734,0.5,0.03312500000000001,0.10268405416537696,0.5369284378450866,0.5550999106481821,46
143.01490783691406,0.00825664753582533,0.5,0.03375,0.10364824484140064,0.5373363144802479,0.5554991752038698,46
147.08889770507812,0.008491850277376667,0.5,0.03375,0.10364824484140064,0.5377562473996725,0.5559401203435461,46
151.18896484375,0.008728558532126148,0.5,0.034375,0.10460354839855006,0.5381776746955407,0.5563991770779712,46
155.20169067382812,0.00896022433073393,0.5,0.034375,0.10460354839855006,0.5385882747744448,0.55684577029091,46
159.27015686035156,0.009195108174814393,0.5,0.034375,0.10460354839855006,0.539002325498144,0.5572958909934373,46
163.02447509765625,0.009411855385937964,0.5,0.034375,0.10460354839855006,0.5393824254495955,0.5577088946740015,46
166.57080078125,0.00961659460969825,0.5,0.035,0.10555020614111882,0.5397402968559977,0.5580969609270695,46
170.47177124023438,0.009841808460580354,0.5,0.035625000000000004,0.10648844864724787,0.5401330441622597,0.5585215537905042,46
174.4720001220703,0.010072752775683586,0.5,0.035625000000000004,0.10648844864724787,0.5405371440120055,0.5589544968972799,46
178.25149536132812,0.01029095352500314,0.5,0.036250000000000004,0.10741849642478903,0.540917833954054,0.5593612943021475,46
182.20840454101562,0.010519396873477044,0.5,0.037500000000000006,0.10925484305920792,0.541320923882397,0.5597848657706586,46
186.46730041503906,0.010765274751912567,0.5,0.037500000000000006,0.10925484305920792,0.5417547002734314,0.5602381410148599,46
190.32559204101562,0.010988024635319423,0.5,0.037500000000000006,0.10925484305920792,0.5421455975854762,0.5606464594111529,46
193.71156311035156,0.011183506142169666,0.5,0.038125000000000006,0.11016153780134436,0.542487925681189,0.5610029949791674,46
197.19383239746094,0.011384547212386477,0.5,0.03875000000000001,0.11106083058226195,0.5428409872330906,0.5613679351571561,46
201.02430725097656,0.011605691156319833,0.5,0.03875000000000001,0.11106083058226195,0.543228815555492,0.5617673546209481,46
204.8718719482422,0.011827821744361977,0.5,0.040625,0.11371604603668076,0.5436194060860375,0.5621664551459049,46
208.9314727783203,0.012062193766811006,0.5,0.041875,0.11545226928885476,0.5440361859492716,0.5625852908700866,46
212.7391815185547,0.0122820233598423,0.5,0.041875,0.11545226928885476,0.5444283072438064,0.5629760522572105,46
216.66014099121094,0.01250839123195879,0.5,0.041875,0.11545226928885476,0.5448300291981539,0.5633763472002089,46
220.9731903076172,0.012757395538914033,0.5,0.041875,0.11545226928885476,0.5452695414957792,0.5638142487169655,46
224.7670135498047,0.012976423483606937,0.5,0.041875,0.11545226928885476,0.5456541106507359,0.5641973572477615,46
228.94021606445312,0.013217354046582683,0.5,0.041875,0.11545226928885476,0.546074971191862,0.5646165551143201,46
232.4456024169922,0.013419729729143076,0.5,0.041875,0.11545226928885476,0.5464267542508471,0.5649668899247047,46
236.30152893066406,0.013642343068052735,0.5,0.041875,0.11545226928885476,0.5468119164708823,0.5653503981683314,46
240.3043975830078,0.013873439784433485,0.5,0.04250000000000001,0.11631066229203196,0.5472117891750206,0.5657464788001078,46
244.20230102539062,0.014098476567935352,0.5,0.04250000000000001,0.11631066229203196,0.547599288523838,0.5661301928430431,46
248.3441925048828,0.01433759945795464,0.5,0.043125000000000004,0.1171627664476901,0.5480105243426548,0.5665358047515213,46
252.32186889648438,0.01456724175520717,0.5,0.043750000000000004,0.1180087179853287,0.5484065661375247,0.5669232982238258,46
256.69732666015625,0.014819849075023967,0.5,0.043750000000000004,0.1180087179853287,0.5488407160029184,0.5673472600322482,46
260.4083251953125,0.015034095319518211,0.5,0.044375000000000005,0.11884864828598478,0.5492082412202302,0.5677049826068244,46
264.3604736328125,0.015262263817133238,0.5,0.044375000000000005,0.11884864828598478,0.549599585038309,0.5680840951718489,46
268.1928405761719,0.015483516996664353,0.5,0.045000000000000005,0.11968268412042982,0.5499775867765745,0.5684499059482129,46
272.408447265625,0.015726895670335028,0.5,0.045000000000000005,0.11968268412042982,0.5503928676263271,0.5688667426984176,46
276.4971923828125,0.015962950273362437,0.5,0.045000000000000005,0.11968268412042982,0.5507936079779089,0.5692822410281424,46
280.36456298828125,0.016186224311452085,0.5,0.045625000000000006,0.12051094787252921,0.5511715271736345,0.5696732791525199,46
284.38848876953125,0.01641853671432402,0.5,0.045625000000000006,0.12051094787252921,0.5515649837714589,0.5700781352192253,46
288.8148193359375,0.01667408106222894,0.5,0.045625000000000006,0.12051094787252921,0.5519955878504735,0.5705211268795253,46
293.5185241699219,0.016945638996392377,0.5,0.046250000000000006,0.12133355774887804,0.5524534016337966,0.5709892011780939,46
297.4974365234375,0.017175352649156345,0.5,0.046250000000000006,0.12133355774887804,0.5528387276814262,0.5713830140522735,46
301.8742370605469,0.017428037491010264,0.5,0.046875,0.12215062797572998,0.5537251169333169,0.5731553689556415,47
306.1111755371094,0.017672647707952443,0.5,0.046875,0.12215062797572998,0.5541252265096263,0.5734834492393561,47
310.7718200683594,0.01794171965133463,0.5,0.04750000000000001,0.12296226898414839,0.5545642952543394,0.5738424249559548,47
315.3542175292969,0.018206274174190157,0.5,0.048125,0.12376858758422885,0.5549992890470777,0.5741934490080943,47
320.0370788574219,0.01847662875491377,0.5,0.048125,0.12376858758422885,0.5554421808640833,0.574550227612168,47
325.0138244628906,0.018763950090579566,0.5,0.04875000000000001,0.12456968712917199,0.5563083808382859,0.5750007683700332,48
329.8408508300781,0.019042627719106593,0.5,0.049375,0.12536566766991936,0.5567535909068839,0.5753489959057558,48
334.62701416015625,0.01931894621109493,0.5,0.050625,0.12694265629824517,0.5571972351725997,0.5756457505540664,48
339.4154357910156,0.019595395081054786,0.5,0.052500000000000005,0.12927207364566026,0.5576495594583858,0.576051257939166,48
344.3072509765625,0.019877813147872805,0.5,0.053125000000000006,0.13003927369650248,0.5581145806089322,0.5763820987566942,48
348.95013427734375,0.02014585968612765,0.5,0.053125000000000006,0.13003927369650248,0.5585540615847968,0.5766903612895388,48
353.604736328125,0.0204145827803428,0.5,0.05375,0.13080197392386228,0.558994284590223,0.577001874800548,48
358.69598388671875,0.020708514631537476,0.5,0.05375,0.13080197392386228,0.5594758840096213,0.5773454435809764,48
363.6932373046875,0.020997019940133817,0.5,0.05437500000000001,0.13156025258885612,0.5599497210007692,0.5776855438777412,48
368.70721435546875,0.021286490750465188,0.5,0.05437500000000001,0.13156025258885612,0.5604232875644398,0.5780296405782432,48
373.3720397949219,0.021555804069281134,0.5,0.05437500000000001,0.13156025258885612,0.5608617726540878,0.5783523432192288,48
377.92706298828125,0.02181877819969812,0.5,0.05437500000000001,0.13156025258885612,0.5612880055686555,0.5786698345398701,48
382.63555908203125,0.022090612746584914,0.5,0.05500000000000001,0.13231418571003067,0.5617276896363327,0.5790752747866909,48
387.4498596191406,0.022368555677623792,0.5,0.05625,0.13380930871145783,0.5621770322087367,0.5795284744031194,48
392.0528259277344,0.022634297697138824,0.5,0.056875,0.13455064019432644,0.5626099192850414,0.5799595105762901,48
396.38873291015625,0.02288462164058957,0.5,0.056875,0.13455064019432644,0.56301868806352,0.5803635306829307,48
400.9536437988281,0.023148166615098068,0.5,0.05750000000000001,0.13528790949515027,0.5634483323282019,0.5807868059620345,48
405.7007141113281,0.023422228158687552,0.5,0.05812500000000001,0.13602118266811547,0.5638960298894612,0.5812247281812318,48
410.4168395996094,0.02369450317169434,0.5,0.05812500000000001,0.13602118266811547,0.5643403258683414,0.5816575541071494,48
414.7757263183594,0.02394615379909851,0.5,0.05812500000000001,0.13602118266811547,0.5647491322655771,0.5820556275220842,48
419.53948974609375,0.024221179082558546,0.5,0.058750000000000004,0.13675052399642829,0.5651952265865359,0.5824885372797752,48
424.3625793457031,0.024499629430567656,0.5,0.059375000000000004,0.1374759960580849,0.5656476254983899,0.5829245855852987,48
429.136962890625,0.02477526784286672,0.5,0.059375000000000004,0.1374759960580849,0.5660939825581243,0.5833540209498275,48
434.3370666503906,0.025075484264661475,0.5,0.06000000000000001,0.1381976597885342,0.5665800514325466,0.5838192732843644,48
439.0107116699219,0.025345306762312135,0.5,0.06062500000000001,0.13891557454041037,0.5670172214985815,0.5842352444763039,48
443.71771240234375,0.02561705497783941,0.5,0.061875000000000006,0.14034038694410833,0.5674575667607328,0.584652120820095,48
448.38262939453125,0.025886373582248795,0.5,0.061875000000000006,0.14034038694410833,0.567896351970606,0.5850632467155439,48
453.0850830078125,0.026157859279968554,0.5,0.061875000000000006,0.14034038694410833,0.5683366194082928,0.5854756620311916,48
457.9007263183594,0.026435879733044548,0.5,0.061875000000000006,0.14034038694410833,0.5687853768684473,0.5859035169061403,48
462.4317321777344,0.026697467276115792,0.5,0.061875000000000006,0.14034038694410833,0.5692056843855039,0.5863377228483785,48
467.41583251953125,0.026985213221121265,0.5,0.061875000000000006,0.14034038694410833,0.5696658905742333,0.5868128961115121,48
472.2460632324219,0.02726407584541869,0.5,0.0625,0.14104739588693907,0.5701117796763153,0.5872709706021598,48
477.2760009765625,0.027554468110873087,0.5,0.06312500000000001,0.1417508785346736,0.5705775989828397,0.587745466899144,48
482.671142578125,0.02786594460855938,0.5,0.06312500000000001,0.1417508785346736,0.5710750250868543,0.5882515872100691,48
487.5123291015625,0.028145439742205118,0.5,0.06312500000000001,0.1417508785346736,0.5715191906090856,0.5887032736951839,48
492.8376159667969,0.02845288333209674,0.5,0.06375000000000001,0.14245088713032522,0.5720064284733838,0.5891974581573466,48
498.1507873535156,0.02875962746178981,0.5,0.06375000000000001,0.14245088713032522,0.5724922353067762,0.5896877587202314,48
503.009521484375,0.029040135667511534,0.5,0.064375,0.1431474726395179,0.5729357350181027,0.5901337340879408,48
508.2980041503906,0.029345454448840305,0.5,0.065625,0.14453057213202772,0.5734179977181759,0.5906165855627181,48
513.1334228515625,0.029624616590099326,0.5,0.066875,0.1459005607889874,0.573863717351959,0.591055748621754,48
517.7466430664062,0.02989095059607963,0.5,0.0675,0.146580753570876,0.5742931537541801,0.5914726818840588,48
522.4808349609375,0.030164268632858565,0.5,0.068125,0.14725780453432932,0.5747342794322485,0.5918984859969182,48
527.376220703125,0.03044689283782074,0.5,0.068125,0.14725780453432932,0.5751909357406113,0.5923366105431974,48
532.2864379882812,0.030730373308920186,0.5,0.068125,0.14725780453432932,0.5756468226498955,0.592773858043719,48
537.2445678710938,0.0310166199072532,0.5,0.068125,0.14725780453432932,0.5761049930155184,0.5932131521288524,48
542.3549194335938,0.03131165468561234,0.5,0.06875,0.14793175681757995,0.57657769072349,0.5936636200026939,48
547.2644653320312,0.031595096395693224,0.5,0.069375,0.14860265258063357,0.57750182397365,0.5966224597004464,49
552.1803588867188,0.03187890457358595,0.5,0.07,0.14927053303604618,0.5779488958013449,0.5970825494708979,49
557.1015625,0.032163019315898184,0.5,0.07125000000000001,0.1505974083130088,0.5783965919723796,0.5975407650099402,49
561.973876953125,0.0324443115513135,0.5,0.07187500000000001,0.15125648108249762,0.5788448254460912,0.5979921114137173,49
566.9036254882812,0.032728919615680134,0.5,0.07187500000000001,0.15125648108249762,0.5792981851012978,0.5984464521488904,49
571.8390502929688,0.03301385538684004,0.5,0.07187500000000001,0.15125648108249762,0.579750341778416,0.5988989926371845,49
576.7791137695312,0.0332990589614009,0.5,0.07250000000000001,0.15191269449366246,0.5802029575209839,0.5993496507854462,49
581.1097412109375,0.03354907810229661,0.5,0.07312500000000001,0.15256608544230824,0.5805993841986673,0.5996288041160437,49
585.8734741210938,0.03382410162389217,0.5,0.07375000000000001,0.15321669003752353,0.5810354043358709,0.599879020623808,49
590.7235717773438,0.034104111221966056,0.5,0.07375000000000001,0.15321669003752353,0.5814798155215273,0.600139810890168,49
595.3787231445312,0.03437286602974185,0.5,0.07375000000000001,0.15321669003752353,0.5819046904400181,0.600395826725441,49
600.3416137695312,0.03465938747893374,0.5,0.07375000000000001,0.15321669003752353,0.5823558656180567,0.6006749003816871,49
605.5003051757812,0.03495721305062916,0.5,0.07437500000000001,0.1538645436249672,0.5828238194234073,0.6009716657955094,49
610.1221923828125,0.03522404742612178,0.5,0.07562500000000001,0.155152135475633,0.5832455065374456,0.6012433104241101,49
615.1822509765625,0.035516178651817915,0.5,0.07625000000000001,0.15579194081053757,0.5837084014643321,0.6015469231710119,49
620.2962036132812,0.035811421330185694,0.5,0.07625000000000001,0.15579194081053757,0.5841774032147057,0.6018603406657974,49
625.2646484375,0.03609826343871294,0.5,0.07750000000000001,0.15706373285785544,0.5846317276445185,0.6021987520088418,49
630.7295532226562,0.03641376755860046,0.5,0.07750000000000001,0.15706373285785544,0.5851330415645881,0.6026482923587484,49
635.7142944335938,0.03670155050276001,0.5,0.07750000000000001,0.15706373285785544,0.5855882772885957,0.6030600870379682,49
640.6680297851562,0.0369875433926079,0.5,0.07750000000000001,0.15706373285785544,0.5860387804469479,0.603470969464441,49
645.6649169921875,0.037276027558830485,0.5,0.07750000000000001,0.15706373285785544,0.5864913063767414,0.6038870891456982,49
650.4629516601562,0.037553031416101536,0.5,0.078125,0.15769578262626002,0.5869248607114328,0.6042882089018853,49
655.4685668945312,0.03784201947556539,0.5,0.07875000000000001,0.15832530921167823,0.5873782369563959,0.6047083028103533,49
660.4772338867188,0.038131183721477245,0.5,0.07937500000000001,0.15895234259311308,0.588075380690383,0.6050114841429858,50
665.4884033203125,0.03842049244027646,0.5,0.07937500000000001,0.15895234259311308,0.5885201575294873,0.6054213664782874,50
671.000732421875,0.03873873449756587,0.5,0.07937500000000001,0.15895234259311308,0.5890074266008799,0.6058747401350945,50
676.015380859375,0.03902824406891579,0.5,0.08000000000000002,0.1595769121605731,0.5894503090102162,0.6062894398105082,50
681.1646728515625,0.03932552698635139,0.5,0.080625,0.1601990467311467,0.5899056043819653,0.6067802154031503,50
686.3167724609375,0.03962297199531913,0.5,0.080625,0.1601990467311467,0.5903600866907253,0.6073329973659329,50
691.328857421875,0.03991233357005275,0.5,0.08125,0.16081877456451718,0.5908033925317946,0.6078680549470502,50
696.3616943359375,0.04020289321263274,0.5,0.08250000000000002,0.16205112036071437,0.5912507226272126,0.6084026673390813,50
701.8643798828125,0.040520578520746475,0.5,0.08250000000000002,0.16205112036071437,0.5917412179672104,0.6089841623250689,50
706.9011840820312,0.04081136720570887,0.5,0.084375,0.16388226458881186,0.5921935900214361,0.6095136753801331,50
712.4415893554688,0.04113123017831986,0.5,0.084375,0.16388226458881186,0.5926925789221167,0.6100931200983203,50
718.22509765625,0.04146512816337834,0.5,0.08500000000000002,0.16448811606198854,0.5932116256447164,0.610694652038092,50
723.268798828125,0.04175631502971321,0.5,0.08625000000000001,0.16569317331547473,0.5936673456399791,0.6112164776411343,50
728.3203735351562,0.04204795645708391,0.5,0.08625000000000001,0.16569317331547473,0.594124615467634,0.6117365604777985,50
733.4920654296875,0.04234653258304781,0.5,0.08687500000000001,0.1662924272545711,0.5945910795812481,0.6122663787179986,50
738.5499267578125,0.042638536954501385,0.5,0.08750000000000001,0.16688952945311364,0.5950480110836082,0.6127819801814817,50
743.6134643554688,0.04293086903274824,0.5,0.08812500000000001,0.16748450292473796,0.5955071391540426,0.6132956483899588,50
748.7919921875,0.04322983981635565,0.5,0.08875000000000001,0.16807737027574957,0.5959775892993232,0.6138184019073601,50
753.8591918945312,0.0435223833183401,0.5,0.08875000000000001,0.16807737027574957,0.5964364756026813,0.6143274111752948,50
759.0428466796875,0.043821650095180145,0.5,0.08875000000000001,0.16807737027574957,0.5969039922132129,0.6148455732336919,50
764.744873046875,0.044150843902077096,0.5,0.08875000000000001,0.16807737027574957,0.5974160438998899,0.6154126023636434,50
769.8203735351562,0.0444438666312001,0.5,0.08937500000000001,0.1686681537151465,0.5978713425268166,0.6159147486288475,50
774.9010009765625,0.04473718535355574,0.5,0.08937500000000001,0.1686681537151465,0.5983270530571534,0.6164149885284077,50
780.4896240234375,0.04505983207204509,0.5,0.08937500000000001,0.1686681537151465,0.59882622880056,0.6169624785212038,50
786.1971435546875,0.04538934301454843,0.5,0.08937500000000001,0.1686681537151465,0.5993337755035713,0.6175186483150925,50
791.9061279296875,0.045718938526546814,0.5,0.09062500000000001,0.16984355576649363,0.5998434641524915,0.6180719858778743,50
797.4531860351562,0.046039185585614435,0.5,0.09125000000000001,0.1704282168957679,0.6003393545837526,0.6186068029500856,50
803.1708984375,0.04636928499085409,0.5,0.09250000000000001,0.17159156293944244,0.6013280534992536,0.6216431012680246,51
808.2677612304688,0.04666354102511308,0.5,0.09250000000000001,0.17159156293944244,0.6017776168156652,0.6221083394356473,51
813.8743286132812,0.046987223719916656,0.5,0.09312500000000001,0.1721702882348331,0.602271869935551,0.6226176405265291,51
819.5313720703125,0.04731382053857012,0.5,0.09375,0.17274707473566775,0.6027716904856308,0.6231289339111417,51
825.2138671875,0.04764188675219988,0.5,0.09375,0.17274707473566775,0.6032725050275367,0.6236399281684262,51
830.3225708007812,0.0479368263898771,0.5,0.09375,0.17274707473566775,0.6037212877941692,0.6240971193440951,51
835.4375610351562,0.04823212897163719,0.5,0.09437500000000001,0.17332194179790178,0.6041700668909087,0.6244527689618069,51
840.5567626953125,0.04852767469069553,0.5,0.09562500000000002,0.17446599343804794,0.6046218404663878,0.6247501684855385,51
845.6790161132812,0.04882339659620186,0.5,0.09625,0.1750352151573787,0.6050741982291719,0.6250533059271148,51
850.8037109375,0.04911925945086659,0.5,0.09625,0.1750352151573787,0.6055270981762002,0.6253621256036828,51
856.0262451171875,0.04942077084305413,0.5,0.096875,0.17560259173501605,0.6059888821580817,0.6256825093330043,51
861.7711181640625,0.04975243830768096,0.5,0.096875,0.17560259173501605,0.6064955709333836,0.6260415071102523,51
867.740966796875,0.05009709423725419,0.5,0.096875,0.17560259173501605,0.6070200510778716,0.6264218103185523,51
872.8703002929688,0.05039322489531988,0.5,0.09750000000000002,0.17616814099864822,0.6074704846287826,0.6267544298972816,51
877.9257202148438,0.05068508831761506,0.5,0.099375,0.1778539989415875,0.6079179085872576,0.6270958789143513,51
883.0669555664062,0.050981906102827934,0.5,0.1,0.1784124116152771,0.6083770903869656,0.6274699555714249,51
888.21044921875,0.05127885426601233,0.5,0.1,0.1784124116152771,0.6088348162399776,0.6278473612877522,51
893.3558959960938,0.05157591518852345,0.5,0.10062500000000002,0.17896908195899072,0.6092931282680955,0.6282280526466539,51
898.503662109375,0.051873110012735035,0.5,0.10125,0.17952402618064472,0.6097511275681039,0.6286120351533946,51
904.1661987304688,0.05220002396699489,0.5,0.10187500000000001,0.18007726023841455,0.6102547734633262,0.6290379882229797,51
909.3165283203125,0.052497366787822804,0.5,0.10187500000000001,0.18007726023841455,0.610713883426319,0.6294286329949206,51
914.4702758789062,0.05279490693747247,0.5,0.10187500000000001,0.18007726023841455,0.6111716379340761,0.6298225808174227,51
919.7382202148438,0.05309903998400622,0.5,0.10187500000000001,0.18007726023841455,0.6116378324442718,0.6302283756280727,51
925.5328979492188,0.053433582811464375,0.5,0.10312500000000001,0.18117866047827877,0.6121514697140359,0.6306783500542898,51
930.8267822265625,0.0537392134428061,0.5,0.104375,0.18227340554900803,0.6126227617595791,0.6311040576405536,51
936.2518310546875,0.05405241656768277,0.5,0.10500000000000001,0.1828183197857863,0.6131094541614036,0.6316697584617766,51
941.4151000976562,0.05435050641905019,0.5,0.10500000000000001,0.1828183197857863,0.6135710019551962,0.6322057099176652,51
946.5841064453125,0.05464892750093985,0.5,0.10500000000000001,0.1828183197857863,0.6140313291154179,0.6327398774707549,51
951.7557983398438,0.054947503626903746,0.5,0.10562500000000002,0.1833616146530208,0.6144907624999283,0.6332719556111963,51
957.1513061523438,0.05525900126696379,0.5,0.10625000000000001,0.1839033045027407,0.614970831105845,0.6338245539571836,51
962.3262939453125,0.055557767674291526,0.5,0.10625000000000001,0.1839033045027407,0.6154311987956086,0.6343521782094914,51
968.0187377929688,0.05588640825574176,0.5,0.10687500000000001,0.18444340347622257,0.6159370685432689,0.6349298776998566,51
973.8381958007812,0.05622238171715766,0.5,0.1075,0.18498192550829798,0.6164544256950125,0.6355175825353021,51
979.0172119140625,0.05652138069059675,0.5,0.1075,0.18498192550829798,0.6169142467093711,0.6360381740532193,51
984.2008666992188,0.0568206474674368,0.5,0.1075,0.18498192550829798,0.6173727656266271,0.6365569510716692,51
989.4674682617188,0.057124702991933424,0.5,0.10875000000000001,0.1860542934803904,0.6179764771287363,0.6369372003319325,52
995.2607421875,0.057459164773625504,0.5,0.110625,0.18765135533505173,0.6184842611934014,0.6375129674335624,52
1001.1439819335938,0.05779882053180456,0.5,0.110625,0.18765135533505173,0.6190002509719235,0.638094810033437,52
1006.3335571289062,0.05809842911035372,0.5,0.110625,0.18765135533505173,0.6194537500808474,0.6386056704337887,52
1012.0421142578125,0.05842799995624938,0.5,0.110625,0.18765135533505173,0.6199508277238824,0.6391650611341526,52
1017.8137817382812,0.05876121433788964,0.5,0.11125000000000002,0.18818069730433756,0.620451542646517,0.6397279309951633,52
1023.7538452148438,0.05910415068773041,0.5,0.11125000000000002,0.18818069730433756,0.6209677027057587,0.640304404340765,52
1029.5982666015625,0.05944156535429093,0.5,0.11125000000000002,0.18818069730433756,0.6214736248375178,0.6408688259818224,52
1034.7989501953125,0.05974181525151081,0.5,0.11125000000000002,0.18818069730433756,0.6219222288984595,0.6413687858027763,52
1040.0048828125,0.060042368189421234,0.5,0.11187500000000002,0.18870855443464027,0.6223704770662475,0.6418671025289022,52
1045.2139892578125,0.06034310436123758,0.5,0.11187500000000002,0.18870855443464027,0.6228190099208111,0.6423635867781632,52
1050.4249267578125,0.06064394624492273,0.5,0.1125,0.18923493915151202,0.6232684009367815,0.6428581219020857,52
1055.637939453125,0.06094490793539251,0.5,0.1125,0.18923493915151202,0.6237167264979164,0.6433507430300679,52
1060.852783203125,0.061245975337731094,0.5,0.11312500000000002,0.18975986370816492,0.6246517095095775,0.6462553619445768,53
1066.5889892578125,0.06157714243284562,0.5,0.11375,0.19028334018879897,0.6251360093619538,0.6467731082972016,53
1071.8055419921875,0.06187830849959508,0.5,0.11625000000000002,0.19236300129927708,0.6255807054613822,0.6472419104199093,53
1077.5435791015625,0.0622095813065784,0.5,0.116875,0.19287941297020408,0.6260757266863914,0.6477553489231137,53
1082.7640380859375,0.0625109728919813,0.5,0.11812500000000002,0.1939081104684904,0.626528391521377,0.6482204609453183,53
1087.9873046875,0.06281252656891635,0.5,0.11812500000000002,0.1939081104684904,0.6269815661459062,0.6486839167261995,53
1093.7330322265625,0.06314424336574863,0.5,0.11937500000000001,0.19493137937025434,0.6274796218559996,0.6491559846616584,53
1100.0533447265625,0.06350913254700993,0.5,0.12062500000000001,0.19594930472170538,0.6280317630457545,0.6495569839692276,53
1105.277099609375,0.06381071441377667,0.5,0.12125000000000002,0.196456289539899,0.6284885611007659,0.6498933106035151,53
1111.0230712890625,0.06414244530552478,0.5,0.12125000000000002,0.196456289539899,0.6289916215589281,0.6502683383023489,53
1117.34375,0.06450735562915984,0.5,0.12125000000000002,0.196456289539899,0.6295431677093541,0.6506869679043716,53
1123.69775390625,0.06487418990880703,0.5,0.12187500000000001,0.19696196937137253,0.6300985570624935,0.6511141757525271,53
1128.92919921875,0.06517621576542271,0.5,0.12187500000000001,0.19696196937137253,0.6305544646994977,0.6514706574243896,53
1134.1668701171875,0.06547860104239232,0.5,0.12187500000000001,0.19696196937137253,0.6310096168110276,0.6518318189720328,53
1139.9283447265625,0.06581122696129627,0.5,0.12250000000000001,0.19746635424171471,0.6315095699164638,0.6522059728698701,53
1146.2659912109375,0.06617711688158219,0.5,0.12250000000000001,0.19746635424171471,0.6320578611101721,0.6526149401069318,53
1152.7620849609375,0.06655215440224815,0.5,0.125,0.19947114020071635,0.6326226291314425,0.6530407581795838,53
1158.0029296875,0.06685472291312368,0.5,0.125,0.19947114020071635,0.6330804982611952,0.6533891265800772,53
1163.2501220703125,0.06715765789181104,0.5,0.125,0.19947114020071635,0.6335374967399992,0.6537421910438241,53
1168.5015869140625,0.0674608395315256,0.5,0.125,0.19947114020071635,0.6339934489084751,0.6540997792247053,53
1173.7542724609375,0.06776409164581934,0.5,0.125,0.19947114020071635,0.6344480969178351,0.6544616437751318,53
1179.5322265625,0.06809766897154247,0.5,0.12625000000000003,0.20046601490203667,0.6349504667563766,0.6548644828934445,53
1185.8880615234375,0.06846460896305846,0.5,0.12687500000000002,0.20096160531198104,0.6355041925532624,0.6553133330758076,53
1191.141357421875,0.06876789631464182,0.5,0.12750000000000003,0.20145597655178493,0.6359613531543236,0.6557521712556501,53
1196.3992919921875,0.06907145146962614,0.5,0.12750000000000003,0.20145597655178493,0.6364180145553496,0.6562854174084305,53
1201.6610107421875,0.06937522509580596,0.5,0.12750000000000003,0.20145597655178493,0.6368735479038127,0.656816913925733,53
1206.92431640625,0.06967909033893875,0.5,0.12750000000000003,0.20145597655178493,0.6373277702656661,0.6573464480385187,53
1212.18896484375,0.06998303310410865,0.5,0.12937500000000002,0.20293186424272538,0.637783170874645,0.6578740058176752,53
1217.455078125,0.0702870604387736,0.5,0.12937500000000002,0.20293186424272538,0.6382401345746336,0.6583996101684735,53
1222.783447265625,0.0705946819769777,0.5,0.13,0.20342144725641095,0.6387031774695474,0.6589293028771198,53
1228.6446533203125,0.07093306566900222,0.5,0.13,0.20342144725641095,0.6392110495794145,0.6595095107799651,53
1235.0919189453125,0.07130528420650022,0.5,0.13,0.20342144725641095,0.639767608939175,0.6601447835254498,53
1241.85302734375,0.0716956217583103,0.5,0.13062500000000002,0.2039098547955877,0.6403494627172165,0.66080768426139,53
1247.1207275390625,0.0719997407099282,0.5,0.13062500000000002,0.2039098547955877,0.6408026375682592,0.6613218394790006,53
1252.394287109375,0.07230419793952628,0.5,0.13125,0.20439709528665648,0.641255963495242,0.6618345421720943,53
1257.730224609375,0.07261225642012141,0.5,0.13250000000000003,0.20536810833075392,0.6417151238780854,0.662351259958954,53
1263.008544921875,0.07291698850057834,0.5,0.13312500000000002,0.20585189724220943,0.6421704858858847,0.6628603821855455,53
1268.8145751953125,0.07325218674162305,0.5,0.13375,0.20633455182562616,0.642671928403894,0.6634181032990467,53
1274.09521484375,0.07355705272378046,0.5,0.13375,0.20633455182562616,0.6431277483467653,0.6639232751028576,53
1279.9039306640625,0.07389240600889942,0.5,0.135,0.2072964896828013,0.6436304626381014,0.6644766903344355,53
1286.1729736328125,0.07425433525783436,0.5,0.135,0.2072964896828013,0.6441725814057813,0.6650713058923131,53
1291.4559326171875,0.07455933514169225,0.5,0.135,0.2072964896828013,0.6446277854331492,0.6655702646900614,53
1297.2186279296875,0.07489203153517539,0.5,0.13562500000000002,0.20777578856468484,0.6451237355817877,0.6661123289385655,53
1302.507080078125,0.07519734855463968,0.5,0.13687500000000002,0.2087310845835051,0.645662643812676,0.6664729900556033,54
1308.324462890625,0.07553320220927094,0.5,0.13687500000000002,0.2087310845835051,0.6461566949903182,0.6670166501834176,54
1314.487060546875,0.0758889860748997,0.5,0.13812500000000003,0.20968202838854857,0.646680709497806,0.6675900575463175,54
1319.8394775390625,0.07619799596231402,0.5,0.13812500000000003,0.20968202838854857,0.647137075060615,0.668085995080075,54
1325.1334228515625,0.07650363011738472,0.5,0.13812500000000003,0.20968202838854857,0.6475872382291158,0.6685746199210004,54
1330.956787109375,0.07683982909745406,0.5,0.139375,0.21062867892778947,0.6485726345421433,0.6715277757557337,55
1337.1258544921875,0.07719598647835257,0.5,0.14,0.21110041228223764,0.6490894405259531,0.6720760819713025,55
1343.2945556640625,0.07755212271687734,0.5,0.140625,0.21157109383040862,0.6496082550595031,0.6726219728850168,55
1349.7288818359375,0.07792359422383584,0.5,0.14250000000000002,0.21297689729449573,0.65015280314906,0.6731888495293116,55
1355.8997802734375,0.07827985731660315,0.5,0.14375000000000002,0.2139089669436976,0.6506769861567165,0.6737301175706191,55
1362.1153564453125,0.07863869977896917,0.5,0.144375,0.2143734820769229,0.6512073692866533,0.6741774254974856,55
1367.478759765625,0.07894834393759628,0.5,0.144375,0.2143734820769229,0.6516640696196618,0.6745481702041698,55
1373.37841796875,0.07928894757886557,0.5,0.14500000000000002,0.21483699284957805,0.6521653890130684,0.6749594817518596,55
1378.6861572265625,0.0795953780966812,0.5,0.14500000000000002,0.21483699284957805,0.6526173709628929,0.6753326206344222,55
1384.5247802734375,0.07993245800899053,0.5,0.14500000000000002,0.21483699284957805,0.6531133981486886,0.6757464243431999,55
1389.8895263671875,0.08024217968965476,0.5,0.14500000000000002,0.21483699284957805,0.6535680996211382,0.6761296917489823,55
1395.790771484375,0.080582874947877,0.5,0.145625,0.21529950574842135,0.6540686387920062,0.6765546154754358,55
1401.979248046875,0.0809401528745848,0.5,0.14625000000000002,0.21576102719068474,0.6545927650977077,0.6769650879559311,55
1408.16748046875,0.08129741670637675,0.5,0.14625000000000002,0.21576102719068474,0.6551158963579566,0.6773072700056837,55
1413.4813232421875,0.08160419959708837,0.5,0.14625000000000002,0.21576102719068474,0.6555639060199201,0.677606766583797,55
1418.851806640625,0.08191425250827485,0.5,0.14750000000000002,0.21668112103298046,0.6560168860726074,0.6779147071515385,55
1424.1715087890625,0.08222137367696664,0.5,0.14812500000000003,0.21713970592909534,0.6564670508614842,0.6782248783127319,55
1430.023193359375,0.08255920766727338,0.5,0.14875000000000002,0.21759732436277535,0.6569633683319748,0.6785719040354276,55
1435.344482421875,0.08286642045291813,0.5,0.14875000000000002,0.21759732436277535,0.657413970685227,0.6788927160840453,55
1440.667724609375,0.0831737459978896,0.5,0.14875000000000002,0.21759732436277535,0.6578636084292596,0.6792185757199058,55
1445.9930419921875,0.0834811913496457,0.5,0.15000000000000002,0.21850968611841584,0.6583150667817258,0.6795494330783791,55
1451.850830078125,0.08381937771284845,0.5,0.15000000000000002,0.21850968611841584,0.6588109789231472,0.6799189237363009,55
1458.1097412109375,0.08418072202277603,0.5,0.15125000000000002,0.21941825422078798,0.659341786141891,0.6804478975988285,55
1464.314453125,0.08453893726138717,0.5,0.15250000000000002,0.2203230756026887,0.659868245391508,0.6810588128220266,55
1470.520263671875,0.08489721592711959,0.5,0.15250000000000002,0.2203230756026887,0.6603967562252265,0.6816672695250645,55
1475.8485107421875,0.08520483041786577,0.5,0.15375000000000003,0.2212241962371156,0.6608512865348635,0.6821876481666868,55
1481.1805419921875,0.08551266337980747,0.5,0.15437500000000004,0.22167338288487118,0.6613060330163616,0.6827065235003548,55
1487.0457763671875,0.08585127963794334,0.5,0.15437500000000004,0.22167338288487118,0.6618068356047716,0.6832751341575323,55
1493.2598876953125,0.0862100375308143,0.5,0.15500000000000003,0.2221216611645239,0.6623372974070459,0.6838751212485493,55
1498.59375,0.0865179762046248,0.5,0.155625,0.2225690365647307,0.6627923293040038,0.684388122767902,55
1503.930908203125,0.08682610515979913,0.5,0.155625,0.2225690365647307,0.663247634354665,0.6848996065060363,55
1509.2705078125,0.08713437506413187,0.5,0.15625,0.2230155145190964,0.6637024834550325,0.685409497337033,55
1515.1439208984375,0.08747346350194837,0.5,0.15687500000000001,0.2234611004069437,0.6642039484238115,0.6859682643825188,55
1521.365478515625,0.08783265128975246,0.5,0.15812500000000002,0.2243496172334865,0.6647349589148421,0.6865577678524654,55
1527.586669921875,0.08819181793518278,0.5,0.15875000000000003,0.2247925586661551,0.6652673632891669,0.687144798829535,55
1532.92724609375,0.08850014421917887,0.5,0.15875000000000003,0.2247925586661551,0.665723356390071,0.6876468019968108,55
1538.271240234375,0.08880866783199672,0.5,0.15937500000000002,0.22523462902169739,0.6661792291149988,0.6881473489859049,55
1543.6617431640625,0.08911987652628206,0.5,0.15937500000000002,0.22523462902169739,0.6666389616067766,0.6886504605907289,55
1549.59130859375,0.08946220679474172,0.5,0.15937500000000002,0.22523462902169739,0.6671431923478304,0.6892018177421513,55
1555.8709716796875,0.08982474917251568,0.5,0.16062500000000002,0.22611617692741795,0.6676777674669484,0.6897833817104982,55
1562.153076171875,0.09018743249944804,0.5,0.16125,0.2265556645664289,0.6682137268963838,0.6903627712249789,55
1567.55126953125,0.09049908518358234,0.5,0.16125,0.2265556645664289,0.6686736212061271,0.6908587323892719,55
1572.9490966796875,0.09081071672534285,0.5,0.16125,0.2265556645664289,0.6691321906253312,0.6913529079749756,55
1578.3465576171875,0.09112232712472963,0.5,0.16125,0.2265556645664289,0.6695894429061269,0.6918453078738015,55
1583.7000732421875,0.09143140043926523,0.5,0.16125,0.2265556645664289,0.6700417093321149,0.6923319871951311,55
1589.5889892578125,0.09177138390423756,0.5,0.16187500000000002,0.22699430130732604,0.6705389945414065,0.6928653811560767,55
1594.943603515625,0.09208052064589445,0.5,0.16187500000000002,0.22699430130732604,0.6709905675286871,0.6933486099258036,55
1600.833740234375,0.09242057458544597,0.5,0.16312500000000002,0.22786904174049372,0.6719968284614303,0.6964148176400571,56
1607.0765380859375,0.09278098863092812,0.5,0.16500000000000004,0.22917489221187706,0.6725176193673558,0.6969614550941017,56
1613.3690185546875,0.09314427099178368,0.5,0.16562500000000002,0.2296085253190533,0.6730798069252261,0.6973885711460703,57
1618.775146484375,0.09345638176068276,0.5,0.16625,0.23004134101951154,0.6735256841975715,0.6978588292850371,57
1624.1357421875,0.09376586382777771,0.5,0.16625,0.23004134101951154,0.6739686138145863,0.6983235406219662,57
1629.4991455078125,0.09407550798640484,0.5,0.16812500000000002,0.23133492951703125,0.6744124837057945,0.6987475244942247,57
1635.39892578125,0.09441611867513204,0.5,0.16812500000000002,0.23133492951703125,0.6749021165356397,0.6991833135010317,57
1640.7623291015625,0.09472576283375915,0.5,0.16812500000000002,0.23133492951703125,0.675346559433736,0.6995809249491824,57
1646.128173828125,0.09503554794154466,0.5,0.16875,0.23176452121391375,0.6757910111597969,0.6999800665386772,57
1652.030517578125,0.09537630662688819,0.5,0.16875,0.23176452121391375,0.6762802049768827,0.7004206451665763,57
1657.3978271484375,0.09568617630416873,0.5,0.16875,0.23176452121391375,0.6767242944623704,0.700822650229782,57
1663.3017578125,0.09602702660646521,0.5,0.16937500000000003,0.23219331810450436,0.6772121273706435,0.7012663172823731,57
1669.796142578125,0.0964019654627203,0.5,0.16937500000000003,0.23219331810450436,0.6777497626225397,0.7017560952390249,57
1676.052001953125,0.09676313358619988,0.5,0.17250000000000001,0.2343255328953802,0.6782719761635605,0.7020528410269072,57
1682.3094482421875,0.09712439332663242,0.5,0.17250000000000001,0.2343255328953802,0.6787965933595013,0.7023463350735724,57
1687.6800537109375,0.0974344532852768,0.5,0.17312500000000003,0.23474965185398844,0.6792465142705878,0.7026042914316614,57
1693.0537109375,0.0977446894303692,0.5,0.17437500000000003,0.23559559928678317,0.6796976789338991,0.7028679182442847,57
1698.429443359375,0.09805504538224623,0.5,0.17437500000000003,0.23559559928678317,0.6801497116994394,0.703137102698154,57
1703.806396484375,0.09836547180870245,0.5,0.17562500000000003,0.23643852004491198,0.6806023252355613,0.7034117342572621,57
1709.1842041015625,0.09867594756736411,0.5,0.176875,0.23727844638474432,0.6810569276698768,0.7036917246587221,57
1714.5631103515625,0.09898648675314706,0.5,0.176875,0.23727844638474432,0.681512990026988,0.7039770169453905,57
1720.47998046875,0.09932808408598305,0.5,0.176875,0.23727844638474432,0.6820136104599215,0.7042968142794077,57
1726.9884033203125,0.09970383339989893,0.5,0.17750000000000002,0.23769729657196956,0.6825630170187754,0.7046574105765836,57
1733.2572021484375,0.10006574855391802,0.5,0.178125,0.23811540999374173,0.6830919083956737,0.7052580739266543,57
1739.527099609375,0.10042772713505839,0.5,0.178125,0.23811540999374173,0.683620605663305,0.705856563271116,57
1744.907958984375,0.10073837908016804,0.5,0.17875000000000002,0.23853279052439014,0.6840733451554888,0.7063683819426698,57
1750.826904296875,0.10108009621978868,0.5,0.17875000000000002,0.23853279052439014,0.6845717019813189,0.7069294634153934,57
1756.2113037109375,0.10139095254117801,0.5,0.17937500000000003,0.238949442004407,0.6850248853838672,0.7074381352854449,57
1762.1341552734375,0.10173289519945208,0.5,0.18000000000000002,0.23936536824085963,0.6855231742924197,0.7079957729436434,57
1768.6492919921875,0.10210903212355354,0.5,0.18062500000000004,0.23978057300779645,0.6860731979139757,0.7086068843322116,57
1775.187744140625,0.10248651511211773,0.5,0.18125000000000002,0.2401950600466464,0.6866245266432568,0.7092177841726696,57
1781.5106201171875,0.10285155228999533,0.5,0.181875,0.24060883306661235,0.6871579722796279,0.7098062701246128,57
1786.89794921875,0.10316257775037475,0.5,0.18250000000000002,0.24102189574505842,0.6876133586141739,0.7103059291619414,57
1792.326904296875,0.10347600639390486,0.5,0.18250000000000002,0.24102189574505842,0.6880716443659317,0.7108078252767924,57
1798.298583984375,0.10382076803534689,0.5,0.184375,0.2422568580353019,0.6885758519733387,0.7113580221742212,57
1804.623291015625,0.1041859109250933,0.5,0.184375,0.2422568580353019,0.6891110354227498,0.7119386166665124,57
1810.908203125,0.10454875634355783,0.5,0.18500000000000003,0.24266711549775608,0.6896425943006548,0.7125134012247547,57
1816.3009033203125,0.10486009189208571,0.5,0.18500000000000003,0.24266711549775608,0.690098171838296,0.7130048841639637,57
1821.6961669921875,0.10517157543722992,0.5,0.18500000000000003,0.24266711549775608,0.6905529479169454,0.7134950332142587,57
1827.093505859375,0.10548317878915878,0.5,0.18500000000000003,0.24266711549775608,0.6910068855339287,0.7139838095881181,57
1832.5264892578125,0.10579683999880024,0.5,0.18500000000000003,0.24266711549775608,0.6914628028706348,0.7144742445432237,57
1837.9605712890625,0.10611056463556298,0.5,0.18562500000000004,0.24307668054107157,0.6919191835739914,0.7149632113669241,57
1843.938232421875,0.10645567160244308,0.5,0.186875,0.24389374731754787,0.6924220954528565,0.7154992889076001,57
1849.3370361328125,0.10676735952386698,0.5,0.186875,0.24389374731754787,0.6928764930416856,0.7159818407473043,57
1855.2757568359375,0.10711021835167063,0.5,0.186875,0.24389374731754787,0.6933751525032418,0.716510891278775,57
1861.8084716796875,0.10748737010971257,0.5,0.186875,0.24389374731754787,0.6939222676937258,0.7170907398204878,57
1868.1033935546875,0.10785079341972652,0.5,0.18812500000000001,0.2447080859684159,0.6944484743828884,0.7176473944544823,57
1874.3995361328125,0.10821428720431968,0.5,0.18937500000000002,0.24551972363957925,0.6954966517756728,0.7209659511160372,58
1879.8018798828125,0.10852617950202324,0.5,0.18937500000000002,0.24551972363957925,0.6959444213951784,0.7214318374144938,58
1885.242431640625,0.10884027765405574,0.5,0.19000000000000003,0.24592453796829677,0.6963953580888981,0.7218995614685437,58
1891.2269287109375,0.10918577927857936,0.5,0.19125000000000003,0.24673217409298281,0.696893614770958,0.7224123682380472,58
1897.8099365234375,0.1095658345892843,0.5,0.1925,0.2475371751684577,0.6974423965277828,0.7229744390502618,58
1903.2149658203125,0.1098778819310621,0.5,0.19312500000000002,0.24793869558672077,0.6978947430791345,0.7234136095328647,58
1909.16064453125,0.11022114246396719,0.5,0.19375,0.24833956681952526,0.6983928384300045,0.7238622282358647,58
1915.465576171875,0.11058514366553057,0.5,0.19500000000000003,0.24913937425834398,0.6989398162057681,0.7242557599314957,59
1922.032470703125,0.11096426871179009,0.5,0.19562500000000002,0.24953831666640708,0.6994835818851337,0.7247719138928994,59
1927.479248046875,0.11127872628417651,0.5,0.19687500000000002,0.25033429417967046,0.6999363547073897,0.7251998970787968,59
1933.4708251953125,0.11162463666125948,0.5,0.19687500000000002,0.25033429417967046,0.700435947520756,0.7256705395358034,59
1939.7802734375,0.1119888986187659,0.5,0.1975,0.2507313353398387,0.7009622281547239,0.7261659689845581,59
1945.1925048828125,0.11230136176056098,0.5,0.19812500000000002,0.2511277487657697,0.7014150108728263,0.7265907874071035,59
1951.1458740234375,0.11264506628331503,0.5,0.19937500000000002,0.25191870426368357,0.7019147837394083,0.7268773612934428,59
1956.59423828125,0.1129596154726544,0.5,0.19937500000000002,0.25191870426368357,0.7023718587334511,0.727080243254475,59
1962.58740234375,0.11330561746669034,0.5,0.2,0.252313252202016,0.7028748267126635,0.7273100959763008,59
1968.9019775390625,0.1136701754174294,0.5,0.2,0.252313252202016,0.7034047393437084,0.727559740754395,59
1975.4781494140625,0.11404983607049082,0.5,0.20062500000000003,0.2527071841393177,0.7039564069866836,0.7278277429531109,59
1980.894775390625,0.11436255292077101,0.5,0.20187500000000003,0.2534932114936271,0.7044118518334752,0.7280545375516734,59
1986.85302734375,0.11470653934184186,0.5,0.2025,0.25388531259649033,0.7049139429549811,0.7283102243293079,59
1993.4072265625,0.1150849314524777,0.5,0.2025,0.25388531259649033,0.7054661157752589,0.7285988895039885,59
1999.724853515625,0.11544966558966475,0.5,0.2025,0.25388531259649033,0.7059974574390878,0.7288843586355919,59
2005.1448974609375,0.11576257976876671,0.5,0.2025,0.25388531259649033,0.7064526075010961,0.7291348306445936,59
2010.56787109375,0.11607566308685874,0.5,0.203125,0.2542768090705137,0.7069076766312331,0.7295613096087947,59
2015.992431640625,0.11638883802190372,0.5,0.203125,0.2542768090705137,0.7073623572473436,0.7300660604574747,59
2021.9593505859375,0.11673332481248688,0.5,0.20437500000000003,0.255057999264505,0.7078639105250486,0.7306195807343984,59
2028.2838134765625,0.11709845360731745,0.5,0.20437500000000003,0.255057999264505,0.7083950918667443,0.7312043372474284,59
2033.708251953125,0.11741162149490451,0.5,0.20500000000000004,0.25544769849751453,0.708850660257136,0.7317043020237093,59
2039.6751708984375,0.11775610828548767,0.5,0.205625,0.25583680412822146,0.7093531484944628,0.7322525936974191,59
2046.022705078125,0.11812256904986511,0.5,0.20625000000000002,0.2562253188609721,0.7098876028233518,0.732833944692131,59
2051.47021484375,0.11843706890699904,0.5,0.20687500000000003,0.25661324537964075,0.7103468844644628,0.7333312985966906,59
2056.89892578125,0.1187504834556133,0.5,0.20812500000000003,0.25738734440916367,0.7108053499866205,0.7338255031440076,59
2062.329345703125,0.11906399666863846,0.5,0.20875,0.2577735221873385,0.7112653098339828,0.734318438239825,59
2067.760498046875,0.11937755216641112,0.5,0.209375,0.2581591222864905,0.7117258002271116,0.7348100204653624,59
2073.73486328125,0.11972246885192739,0.5,0.21062500000000003,0.25892859976731214,0.7122341315401426,0.7353491376156167,59
2080.306640625,0.1201018757965037,0.5,0.21062500000000003,0.25892859976731214,0.7127939829466337,0.735940198883791,59
2085.737548828125,0.12041541719936052,0.5,0.21125000000000005,0.2593124822609313,0.7132562869299957,0.7364271047859906,59
2091.1708984375,0.12072909955137574,0.5,0.21250000000000002,0.26007854739300496,0.7137195040768308,0.7369128358121422,59
2096.6240234375,0.121043923591574,0.5,0.213125,0.26046073503106065,0.7141852340670553,0.7373989391834556,59
2102.622314453125,0.12139022157884256,0.5,0.213125,0.26046073503106065,0.7146978857640112,0.7379320324718006,59
2108.057373046875,0.12170400259526866,0.5,0.21375000000000002,0.2608423626863268,0.7151620626896708,0.7384136214294106,59
2113.493896484375,0.1220178681811898,0.5,0.21375000000000002,0.2608423626863268,0.7156266256956135,0.7388939697170999,59
2119.47412109375,0.12236312314468623,0.5,0.21437500000000004,0.2612234328130808,0.7161368730251229,0.7394207812576773,59
2124.9306640625,0.12267814451370623,0.5,0.21437500000000004,0.2612234328130808,0.7166024171606625,0.7399000266828454,59
2130.932861328125,0.12302466801962825,0.5,0.215625,0.2619839102089666,0.717114889504093,0.7404256239219935,59
2136.37158203125,0.12333866045979194,0.5,0.215625,0.2619839102089666,0.7175800097158518,0.7409004626276535,59
2141.8115234375,0.12365272337453484,0.5,0.21625000000000003,0.262363322298001,0.7180455074447222,0.7413740671016525,59
2147.25244140625,0.12396684266894109,0.5,0.21625000000000003,0.262363322298001,0.718510824815763,0.7418464212609578,59
2152.71142578125,0.1242820049871195,0.5,0.21687500000000004,0.2627421864986847,0.7194950996037576,0.7453692264670976,60
2158.17041015625,0.1245971673052979,0.5,0.21750000000000003,0.26312050517771224,0.7199552052279187,0.7458328975051555,60
2164.17529296875,0.12494384585529415,0.5,0.218125,0.26349828068478803,0.720462742364075,0.7463414318957158,60
2170.78076171875,0.12532519789825636,0.5,0.21875,0.263875515352797,0.7210207364686991,0.7468990176655094,60
2178.046875,0.1257446907834811,0.5,0.21937500000000001,0.2642522114979723,0.7216348410821588,0.7475101919517129,60
2183.509765625,0.12606007862031296,0.5,0.22125,0.265379091712523,0.7220982412483838,0.7479610866722824,60
2188.972900390625,0.12637548055206063,0.5,0.22125,0.265379091712523,0.7225624564866441,0.7484005389357018,60
2194.419677734375,0.12668993812444707,0.5,0.22187500000000002,0.2657536566014258,0.7230249254686645,0.7488379877979479,60
2200.4111328125,0.12703584145407212,0.5,0.22250000000000003,0.2661276943046203,0.7235344719363358,0.7493183865803111,60
2205.8583984375,0.1273503272162902,0.5,0.22250000000000003,0.2661276943046203,0.7239984854361698,0.7497544273361381,60
2211.850341796875,0.12769625873574694,0.5,0.22375000000000003,0.2668741970172897,0.7245092640229053,0.7502332692215166,60
2218.44140625,0.1280767791786746,0.5,0.225,0.26761861742291565,0.725073709084709,0.7507304182830266,61
2223.908935546875,0.12839243481890739,0.5,0.225,0.26761861742291565,0.7255360261147719,0.7511797995006754,61
2229.92333984375,0.1287396630706214,0.5,0.22562500000000002,0.26799005218518424,0.7260447540371442,0.751667401539273,61
2236.539306640625,0.1291216211949647,0.5,0.22625000000000003,0.2683609728501569,0.7266050724213302,0.7518491330732948,61
2242.892578125,0.12948841318986437,0.5,0.22687500000000005,0.268731381546606,0.7271443880492591,0.752031613523513,61
2249.881103515625,0.12989188015577927,0.5,0.22687500000000005,0.268731381546606,0.7277376806490464,0.7522412107327667,61
2256.255859375,0.13025991250327285,0.5,0.22687500000000005,0.268731381546606,0.7282785448952435,0.7524403776254118,61
2261.726318359375,0.13057573728249572,0.5,0.22687500000000005,0.268731381546606,0.7287424423739509,0.7526172681492918,61
2267.744140625,0.13092316286303146,0.5,0.22875,0.26983955689361433,0.729254596058009,0.75281814257928,61
2273.215576171875,0.13123904402191772,0.5,0.23000000000000004,0.27057581899030053,0.7297224841836589,0.7530064143988445,61
2279.234130859375,0.13158651188720097,0.5,0.23187500000000003,0.2716764709334735,0.7302392642339726,0.753219623550992,61
2284.706787109375,0.13190246352066642,0.5,0.23187500000000003,0.2716764709334735,0.7307122716880372,0.7534189738873905,61
2290.179443359375,0.13221841515413185,0.5,0.23187500000000003,0.2716764709334735,0.7311849018294275,0.7536234704973795,61
2296.19970703125,0.132565981683826,0.5,0.23250000000000004,0.27204236533623094,0.7317046380463648,0.7540098879062505,61
2301.67333984375,0.1328819896969548,0.5,0.23375,0.27277268172502367,0.732178904052402,0.7545095184366549,61
2307.1318359375,0.13319712382530152,0.5,0.23500000000000001,0.27350104799285657,0.7326531476376638,0.7550064932853153,61
2313.13623046875,0.1335437741854661,0.5,0.23562500000000003,0.273864504695398,0.733175086725215,0.7555517065134476,61
2318.595947265625,0.133858978788392,0.5,0.23562500000000003,0.273864504695398,0.7336506522836787,0.7560461361491996,61
2324.601318359375,0.13420568552821993,0.5,0.23625000000000004,0.2742274796786795,0.7341733270728162,0.7565885279201136,61
2331.20751953125,0.13458707985592966,0.5,0.23625000000000004,0.2742274796786795,0.7347489696943306,0.7571834358325321,61
2336.667724609375,0.13490231264868727,0.5,0.23625000000000004,0.2742274796786795,0.73522422645638,0.7576737659197026,61
2342.129638671875,0.13521764410585574,0.5,0.23750000000000002,0.2749519921161698,0.735700917909866,0.7581630074859665,61
2348.137939453125,0.13556451998467375,0.5,0.23875000000000002,0.27567460043750863,0.7362272483350168,0.758699761776879,61
2353.601318359375,0.13587993601133727,0.5,0.23875000000000002,0.27567460043750863,0.7367058396145184,0.7591865410547626,61
2359.611083984375,0.1362268964596503,0.5,0.23875000000000002,0.27567460043750863,0.7372316923509221,0.7597205848733856,61
2366.221923828125,0.136608558590761,0.5,0.23875000000000002,0.27567460043750863,0.7378094153250232,0.7603063337938241,61
2373.280029296875,0.13701604260769024,0.5,0.24000000000000005,0.2763953195770684,0.7384265811390666,0.7609297468767299,61
2379.66943359375,0.1373849206501342,0.5,0.24187500000000003,0.277472888262447,0.7389880877761904,0.7614923544995793,61
2386.04052734375,0.13775274157389017,0.5,0.24250000000000005,0.27783114908082074,0.7395499624403721,0.7620517096942719,61
2392.412841796875,0.13812063297222535,0.5,0.24375000000000002,0.2785462883567092,0.740112847616208,0.76260954153398,61
2398.803466796875,0.1384895814892485,0.5,0.24375000000000002,0.2785462883567092,0.7406779303504923,0.7631673462927154,61
2404.27099609375,0.1388052371294813,0.5,0.24375000000000002,0.2785462883567092,0.741160780469396,0.7636432889460563,61
2409.739990234375,0.13912097733920914,0.5,0.244375,0.27890317035875345,0.7416438315363861,0.7641181743243667,61
2415.210205078125,0.1394367880235162,0.5,0.244375,0.27890317035875345,0.7421272359865063,0.7645919851934553,61
2421.227294921875,0.13978417131930443,0.5,0.244375,0.27890317035875345,0.7426583272049515,0.7651118066404291,61
2426.713134765625,0.1401008840782252,0.5,0.244375,0.27890317035875345,0.7431419469949001,0.7655844985889418,61
2432.19873046875,0.14041758274223015,0.5,0.24500000000000002,0.2792595962810029,0.7441313633141708,0.7693837257926492,62
2437.6845703125,0.14073429550115094,0.5,0.24500000000000002,0.2792595962810029,0.7446072909731775,0.7698460726183259,62
2443.71923828125,0.14108269363087964,0.5,0.24562500000000004,0.27961556786755204,0.7451310157872031,0.7703533406247652,62
2449.191650390625,0.14139863116942925,0.5,0.24625000000000005,0.2799710868514077,0.7456066454805713,0.7708121430049105,62
2455.21142578125,0.1417461695092917,0.5,0.24750000000000003,0.28068077388821666,0.7461326232700345,0.771315520365044,62
2460.68505859375,0.1420621775224205,0.5,0.24812500000000004,0.2810349453526253,0.7466113209010893,0.7717720380186445,62
2466.159423828125,0.14237822782029683,0.5,0.24937500000000004,0.28174195262169033,0.7470929544782193,0.7722274872744757,62
2471.64794921875,0.14269509562329183,0.5,0.25,0.28209479177387814,0.7475763930581465,0.772682985585488,62
2477.12353515625,0.14301121639574735,0.5,0.25125000000000003,0.28279914940409107,0.7480592826623519,0.7731362884473191,62
2482.613525390625,0.14332816876823742,0.5,0.25125000000000003,0.28279914940409107,0.7485445147841661,0.7735896639930582,62
2488.090576171875,0.14364437411018796,0.5,0.25250000000000006,0.2835017570693472,0.7490290236070047,0.7740408585357705,62
2493.56787109375,0.14396059354705434,0.5,0.25375000000000003,0.2842026277484726,0.7495163048156931,0.7744909668420642,62
2499.593017578125,0.14430844197506532,0.5,0.25500000000000006,0.28490177426065044,0.7500551449999043,0.7749848238718674,62
2505.07080078125,0.14462468960176336,0.5,0.25500000000000006,0.28490177426065044,0.7505453199056895,0.7754326643372484,62
2510.562744140625,0.14494175473358015,0.5,0.25625000000000003,0.28559920926815674,0.751021409380553,0.7757114008811802,63
2516.604248046875,0.14529054752095238,0.5,0.25625000000000003,0.28559920926815674,0.7515566762070763,0.7762033184137896,63
2523.24951171875,0.14567419703519646,0.5,0.256875,0.2859472888723746,0.7521473285260826,0.7764536639931634,63
2529.65234375,0.14604385029801162,0.5,0.25812500000000005,0.28664218002797665,0.7527177123186874,0.7766588021334797,63
2536.6953125,0.1464504604301588,0.5,0.25812500000000005,0.28664218002797665,0.7533465297737345,0.7768915495242383,63
2544.21240234375,0.1468844428888669,0.5,0.26,0.2876813695875796,0.7540206601779709,0.7771480426217093,63
2551.719970703125,0.14731787564585724,0.5,0.26062500000000005,0.28802693291886866,0.7546977283710885,0.7774123975832921,63
2557.216796875,0.1476352226759908,0.5,0.26125000000000004,0.2883720821534486,0.7551941183959413,0.7776110583769755,63
2562.71337890625,0.14795255561120854,0.5,0.26125000000000004,0.2883720821534486,0.7556906425351873,0.7778139673110187,63
2568.210205078125,0.14826990264134213,0.5,0.261875,0.288716818776427,0.7561873786298804,0.7780210888520459,63
2573.70703125,0.1485872496714757,0.5,0.261875,0.288716818776427,0.7566847020123649,0.7782323610039812,63
2579.204345703125,0.14890462489144096,0.5,0.2625,0.28906114426405544,0.7571821061014323,0.7784477504867059,63
2585.251220703125,0.14925372776696166,0.5,0.26375000000000004,0.2897485676944319,0.7577297818978331,0.778765429376546,63
2590.74951171875,0.14957115936659027,0.5,0.26375000000000004,0.2897485676944319,0.758228728854652,0.7792310676741467,63
2596.248291015625,0.14988861915605056,0.5,0.26375000000000004,0.2897485676944319,0.7587275492372241,0.7796961031201811,63
2601.734619140625,0.15020536010480304,0.5,0.26375000000000004,0.2897485676944319,0.7592250727516275,0.7801594434155866,63
2607.76953125,0.15055377232944758,0.5,0.264375,0.2900916685460644,0.7597730966297659,0.7806683727065048,63
2614.17919921875,0.15092382024990625,0.5,0.26687500000000003,0.2914600330667983,0.7603570013682962,0.781208055447186,63
2619.679443359375,0.15124136460886156,0.5,0.2675,0.2918011215779748,0.7608603831084029,0.7816704682206053,63
2625.7294921875,0.1515906507182882,0.5,0.26812500000000006,0.2921418118534711,0.7614151524380106,0.7821783591679476,63
2632.14013671875,0.15196075501841022,0.5,0.26875,0.292482105284911,0.7620050745777928,0.782715670395468,63
2637.6416015625,0.15227836985194476,0.5,0.27,0.293161507141752,0.7625127798810898,0.7831760801909562,63
2643.693359375,0.15262775462578224,0.5,0.27062500000000006,0.29350061831023183,0.7630731700781019,0.783681798613819,63
2650.350341796875,0.15301208069598665,0.5,0.27125000000000005,0.29383933812094193,0.763690412339617,0.7842371922424957,63
2657.431396484375,0.15342088963500483,0.5,0.27187500000000003,0.2941776679257249,0.7643483188571824,0.7848269310550633,63
2662.935791015625,0.15373867360752944,0.5,0.2725,0.29451560906865865,0.7648606716786001,0.7852846223543266,63
2668.440673828125,0.15405648576988573,0.5,0.273125,0.29485316288611835,0.765374100676963,0.7857658812397056,63
2673.94580078125,0.15437431202715785,0.5,0.27375000000000005,0.2951903307068386,0.7658874674399802,0.7862500597269302,63
2680.00146484375,0.1547239223196488,0.5,0.27437500000000004,0.29552711385197394,0.7664534616274685,0.7867814712198051,63
2685.494873046875,0.1550410720209606,0.5,0.275625,0.29619953136257204,0.7669682869652681,0.7872624707199871,63
2690.98876953125,0.15535824991210412,0.5,0.275625,0.29619953136257204,0.7674838983732855,0.7877424974135171,63
2696.484130859375,0.15567551237274263,0.5,0.27687500000000004,0.2968704258378343,0.768000412185844,0.788221639900603,63
2701.979736328125,0.15599278892829702,0.5,0.2775,0.29720530516126714,0.7685171825653223,0.7886997950893613,63
2708.025146484375,0.15634180723432267,0.5,0.278125,0.2975398075802073,0.7690873826943522,0.7892246265751427,63
2713.52099609375,0.1566590978847929,0.5,0.278125,0.2975398075802073,0.7696064871341024,0.7897006971740042,63
2719.02978515625,0.15697713556580262,0.5,0.27875,0.297873934364408,0.7705937516040042,0.7937538705983738,64
2725.08935546875,0.15732697137694698,0.5,0.27937500000000004,0.29820768677650905,0.7711582118105773,0.7942656556822146,64
2731.50927734375,0.15769761128387094,0.5,0.27937500000000004,0.29820768677650905,0.7717570660852199,0.7948065508654347,64
2737.9296875,0.15806827938062654,0.5,0.27937500000000004,0.29820768677650905,0.7723558862376404,0.7953461303929283,64
2743.439697265625,0.15838638753621548,0.5,0.28,0.29854106607209235,0.7728703092936056,0.7958081217838614,64
2748.9501953125,0.15870452388163608,0.5,0.28062500000000007,0.29887407349973716,0.773385279611397,0.7962691636014698,64
2755.011474609375,0.15905445835719131,0.5,0.28125,0.2992067103010745,0.7739520105125652,0.7967751480320003,64
2761.6787109375,0.159439376413861,0.5,0.28187500000000004,0.29953897771084154,0.7745762814533763,0.7973303447482538,64
2767.190673828125,0.15975759732877665,0.5,0.28250000000000003,0.2998708769569344,0.7750932533710352,0.7977882588551727,64
2772.702880859375,0.16007583233860814,0.5,0.28375000000000006,0.3005335758357968,0.7756110424571224,0.7982452197989832,64
2778.766357421875,0.16042589366840596,0.5,0.284375,0.3008643778906294,0.776183523603108,0.7987467613914313,64
2785.18994140625,0.1607967449990675,0.5,0.28500000000000003,0.3011948166260176,0.7767914620268785,0.7992768158353,64
2791.883056640625,0.1611831571168162,0.5,0.28625000000000006,0.3018546089098361,0.7774260279036673,0.7998277241349869,64
2797.3974609375,0.1615015189808902,0.5,0.28750000000000003,0.30251296216499524,0.7779051871770761,0.8001022123362507,65
2803.46337890625,0.16185172125984643,0.5,0.28937500000000005,0.3034978143486942,0.7784822263531278,0.8005997928724344,65
2808.978759765625,0.16217013950358383,0.5,0.290625,0.3041526108258224,0.7790094633973114,0.800938765372886,65
2814.494384765625,0.16248857184223708,0.5,0.29125,0.3044794810016416,0.7795399711997137,0.8011393421598298,65
2820.010498046875,0.162807032370722,0.5,0.29250000000000004,0.30513217088461647,0.7800725687305478,0.8013437557330304,65
2825.52734375,0.16312553518395445,0.5,0.293125,0.30545799283636965,0.7806064985544021,0.8015519748243515,65
2831.595947265625,0.16347589250698488,0.5,0.293125,0.30545799283636965,0.7811945106998263,0.8017853337794442,65
2838.025390625,0.16384708211562657,0.5,0.293125,0.30545799283636965,0.7818182539217111,0.8020374414865232,65
2843.544189453125,0.16416569768818573,0.5,0.294375,0.3061085963271097,0.7823543365090386,0.8022577927615993,65
2849.614990234375,0.16451618186545872,0.5,0.29500000000000004,0.30643338007504706,0.7829451306661019,0.8025043496109997,65
2856.0458984375,0.16488745604359545,0.5,0.295625,0.3067578199542485,0.7835718652114186,0.8027702346109625,65
2861.56591796875,0.1652061420907338,0.5,0.29625000000000007,0.30708191705463217,0.7841117480048678,0.8030022716289531,65
2867.086669921875,0.1655248704226197,0.5,0.29750000000000004,0.3077290872499344,0.78465387209277,0.8032378210273478,65
2873.159423828125,0.16587546735921943,0.5,0.29812500000000003,0.3080521624961308,0.7852507600686458,0.8035008976462262,65
2879.592529296875,0.16624686839159872,0.5,0.29875,0.3083748992661489,0.7858842896625251,0.8040047876687227,65
2886.026611328125,0.16661832580364136,0.5,0.29875,0.3083748992661489,0.7865180842039295,0.8045144273097518,65
2892.46142578125,0.16698982550043154,0.5,0.30000000000000004,0.3090193616185517,0.7871526507542511,0.805024063077027,65
2898.897216796875,0.16736138157688507,0.5,0.30125,0.30966248273380964,0.7877889777550555,0.8055337085917288,65
2904.421630859375,0.16768032133250854,0.5,0.30125,0.30966248273380964,0.7883358102246176,0.8059711246773836,65
2910.498779296875,0.16803117197759337,0.5,0.30250000000000005,0.310304270951266,0.7889390667951749,0.8064522391441645,65
2917.18359375,0.16841710486820352,0.5,0.30250000000000005,0.310304270951266,0.7896041052286178,0.8069813755728318,65
2923.622802734375,0.1687888582734788,0.5,0.30375,0.31094473452420196,0.7902454185624215,0.8074909809409865,65
2929.150390625,0.1691079812630082,0.5,0.30437500000000006,0.3112644721248979,0.7907987723315897,0.8079283651559561,65
2934.6669921875,0.1694264699813248,0.5,0.30500000000000005,0.31158388162107514,0.7913519838112368,0.8083648080047569,65
2940.735107421875,0.16977679911452356,0.5,0.30500000000000005,0.31158388162107514,0.7919604940857822,0.8088447966897488,65
2946.264404296875,0.17009602076846383,0.5,0.30500000000000005,0.31158388162107514,0.7925149417701077,0.8092820822010972,65
2951.783203125,0.170414636341023,0.5,0.306875,0.31254015153680775,0.7930690284907905,0.8097184558471353,65
2957.31396484375,0.1707339425644583,0.5,0.30812500000000004,0.3131760426347784,0.7936280510044034,0.8102035287583219,65
2963.397705078125,0.1710851737722708,0.5,0.3087500000000001,0.31349350449290875,0.7942436035328837,0.8107486744922204,65
2968.91845703125,0.17140390210415668,0.5,0.31000000000000005,0.3141274657157109,0.794803528952809,0.8112424867326167,65
2974.45068359375,0.17172329289708704,0.5,0.31187500000000007,0.31507601583359174,0.7953678619617601,0.8117364829020842,65
2979.98291015625,0.1720426836900174,0.5,0.31187500000000007,0.31507601583359174,0.7959325373500467,0.8122296386898026,65
2986.068603515625,0.1723940276571566,0.5,0.31187500000000007,0.31507601583359174,0.79655359727223,0.812798144701438,65
2992.762939453125,0.17278051024948451,0.5,0.31187500000000007,0.31507601583359174,0.7972366432030407,0.8134437764132726,65
2998.297119140625,0.1731000138017416,0.5,0.31187500000000007,0.31507601583359174,0.7978012160670281,0.8139765984869858,65
3003.820556640625,0.1734188971777017,0.5,0.31312500000000004,0.31570679927948886,0.7987694246313222,0.8180673672370667,66
3009.356689453125,0.17373851348928548,0.5,0.31562500000000004,0.316964600273846,0.7993291942447807,0.8185438199570069,66
3015.4462890625,0.17409008297507816,0.5,0.31562500000000004,0.316964600273846,0.7999469967546471,0.819066918951167,66
3021.885498046875,0.17446183638035345,0.5,0.31562500000000004,0.316964600273846,0.8006004075747747,0.8196189303812343,66
3028.337158203125,0.17483430862633656,0.5,0.31562500000000004,0.316964600273846,0.8012552236303008,0.8201708607892914,66
3035.06005859375,0.17522244032381773,0.5,0.31562500000000004,0.316964600273846,0.8019377179348385,0.8207447782009452,66
3041.783935546875,0.17561062840096225,0.5,0.31625000000000003,0.31727827140480924,0.8026205610949795,0.8213175424541248,66
3047.32421875,0.1759304843261153,0.5,0.31875000000000003,0.3185298670785572,0.8031856148511056,0.8217885589513548,66
3052.8642578125,0.17625032615635253,0.5,0.319375,0.31884199833138066,0.8037529866147486,0.8222587227181765,66
3058.40478515625,0.17657019617642145,0.5,0.32000000000000006,0.3191538243211462,0.8043212504032344,0.82272809925987,66
3064.49951171875,0.17692206165544674,0.5,0.321875,0.32008747962925327,0.8049479031128985,0.8232434727375555,66
3070.030517578125,0.17724138197379788,0.5,0.3225,0.3203980934622934,0.8053671204976351,0.823344635625787,68
3076.11474609375,0.17759264137144207,0.5,0.3243750000000001,0.3213281334257353,0.8060836045802215,0.8240407848475483,67
3082.57080078125,0.1779653673259103,0.5,0.3243750000000001,0.3213281334257353,0.8067591789511143,0.8245843909538505,67
3089.29833984375,0.17835376682679244,0.5,0.32562500000000005,0.3219466674599954,0.8074660842876941,0.8252464568740494,67
3095.755859375,0.1787265773507557,0.5,0.328125,0.32318018411415067,0.8081454449735189,0.8257612898422148,67
3101.299560546875,0.17904663060473053,0.5,0.32875000000000004,0.32348782833813267,0.808732340960261,0.8260857910051156,67
3107.3974609375,0.17939867931766174,0.5,0.32937500000000003,0.3237951802633666,0.8093785826447266,0.8264466927605778,67
3113.856689453125,0.1797715885060359,0.5,0.33000000000000007,0.32410224072142874,0.8100640086610581,0.8268334604752905,67
3119.401611328125,0.18009171223458992,0.5,0.33000000000000007,0.32410224072142874,0.8106534064237071,0.8271691223355446,67
3125.5009765625,0.18044384551701617,0.5,0.33062500000000006,0.3244090105399599,0.8113031833370656,0.8278030233112855,67
3131.036376953125,0.18076341954385244,0.5,0.33187500000000003,0.3250216815494707,0.8118928295775651,0.8285528510095244,67
3137.125244140625,0.1811149467448976,0.5,0.3325,0.32532758437628745,0.8125423846309233,0.829389939512372,67
3143.822998046875,0.18150162666604724,0.5,0.335,0.3265483300700983,0.8132599713391789,0.8303095396685,67
3149.36962890625,0.18182184905901214,0.5,0.335,0.3265483300700983,0.8138563843825246,0.8310701430721122,67
3154.906005859375,0.18214147946551176,0.5,0.33562500000000006,0.3268528041036741,0.8144516145767007,0.8318284854264226,67
3160.443115234375,0.18246115215675893,0.5,0.33625000000000005,0.3271569947736096,0.815047327371931,0.8325860750635066,67
3165.98974609375,0.18278137454972382,0.5,0.33687500000000004,0.3274609028695861,0.8156450812190037,0.8332151166664912,67
3171.536376953125,0.1831015969426887,0.5,0.33687500000000004,0.3274609028695861,0.8162431896718936,0.8339074125699897,67
3177.6376953125,0.1834538429844417,0.5,0.3375,0.3277645291776237,0.8169020320692648,0.8347550843445535,67
3184.348876953125,0.18384129812596253,0.5,0.33937500000000004,0.32867372517988713,0.8176292754327305,0.8356907672462618,67
3190.81103515625,0.18421437645332678,0.5,0.33937500000000004,0.32867372517988713,0.8183317374093995,0.8365952478231131,67
3197.273681640625,0.1845874829705227,0.5,0.340625,0.3292784611561371,0.8190350718130257,0.837500970921456,67
3204.382568359375,0.1849978987299466,0.5,0.34187500000000004,0.32988208853934986,0.8198122445032171,0.8384986070176532,67
3209.931396484375,0.18531824797715407,0.5,0.3425,0.3301834884090183,0.8204201206276229,0.8392782801101283,67
3216.035400390625,0.18567064906298128,0.5,0.34312500000000007,0.33048461340403307,0.8210885981121872,0.8401369358401665,67
3222.490966796875,0.18604334682761783,0.5,0.34375,0.3307854642750767,0.8217960655008779,0.84102701282791,67
3228.041259765625,0.18636378064432033,0.5,0.34437500000000004,0.33108604176942125,0.8224054459688293,0.8417948231878168,67
3234.146728515625,0.18671626629964258,0.5,0.34562500000000007,0.33168637960017694,0.8230771894103576,0.8426411355247344,67
3240.60302734375,0.18708900634902664,0.5,0.34687500000000004,0.33228563280708123,0.823788730080666,0.8434656629276043,67
3247.340576171875,0.1874779837414582,0.5,0.348125,0.3328838072477124,0.8245329338294008,0.8444064812113083,67
3253.807861328125,0.18785135806205508,0.5,0.34875000000000006,0.3331824917467858,0.8252475869076351,0.8453084385809442,67
3260.921875,0.1882620698147116,0.5,0.34875000000000006,0.3331824917467858,0.8260337357947946,0.8462993233753031,67
3267.388916015625,0.18863543004039265,0.5,0.35000000000000003,0.3337790589062273,0.8267494425855384,0.8471989415558429,67
3273.855712890625,0.18900877617115783,0.5,0.350625,0.33407694299845303,0.8274669768771581,0.8480944111072333,67
3279.4072265625,0.18932928046243952,0.5,0.350625,0.33407694299845303,0.8280833406179607,0.8488614074690601,67
3285.513916015625,0.18968183659234097,0.5,0.35187500000000005,0.3346719157636645,0.8290732314480396,0.8497973750946967,68
3291.98193359375,0.19005525319768538,0.5,0.35250000000000004,0.3349690058494759,0.8297811390998516,0.8505820593629347,68
3298.45068359375,0.19042871208777729,0.5,0.35250000000000004,0.3349690058494759,0.830489424409966,0.8513442551815634,68
3304.919677734375,0.190802185072785,0.5,0.353125,0.33526583267409027,0.831198476499754,0.8522793463407421,68
3310.472900390625,0.1911227880284776,0.5,0.35500000000000004,0.33615474055149913,0.8318099244238223,0.8530832124833632,68
3316.016845703125,0.19144285537736824,0.5,0.35625,0.33674604222317955,0.8322558199561814,0.853880725345245,70
3322.115234375,0.19179493228013114,0.5,0.36000000000000004,0.3385137501286538,0.8329382126688186,0.854763506685409,70
3328.584228515625,0.1921684052651389,0.5,0.36187500000000006,0.33939415148578983,0.8336659784217177,0.8556955519380423,70
3335.324462890625,0.1925575377016447,0.5,0.36250000000000004,0.33968711153298725,0.8345610971195723,0.8566337056036214,69
3341.7939453125,0.1929310388764841,0.5,0.36312500000000003,0.33997981913709086,0.8353015900608461,0.857529466569466,69
3347.347900390625,0.1932516841169242,0.5,0.36312500000000003,0.33997981913709086,0.8359361419913526,0.8583005831459939,69
3352.9013671875,0.19357230116753263,0.5,0.36437500000000006,0.34056447961908587,0.8365737368226094,0.8590757860366309,69
3359.010498046875,0.19392499824659246,0.5,0.36500000000000005,0.3408564337915358,0.8372757045096942,0.8599283371096059,69
3364.564208984375,0.19424562939211673,0.5,0.36562500000000003,0.34114813811004224,0.8379135783548882,0.860703177603426,69
3370.117919921875,0.19456626053764098,0.5,0.36687500000000006,0.34173079974400644,0.8385523177613096,0.8614778250198837,69
3375.67138671875,0.1948868775882494,0.5,0.36875,0.3426029342114174,0.8391917225501503,0.8622522425731916,69
3381.7802734375,0.19523956057239342,0.5,0.37000000000000005,0.3431831258788849,0.839893554783412,0.8631038826725245,69
3387.333984375,0.19556019171791766,0.5,0.37062500000000004,0.3434728541920998,0.8405330487567488,0.86387791416529,69
3392.8876953125,0.1958808228634419,0.5,0.3712500000000001,0.3437623383178156,0.8411735933704655,0.8646517413910784,69
3398.996826171875,0.19623351994250177,0.5,0.3712500000000001,0.3437623383178156,0.8418792463497533,0.8655027189853932,69
3404.55126953125,0.19655419337277355,0.5,0.371875,0.34405157887240856,0.84251981698182,0.8662762104410667,69
3410.097412109375,0.19687438757590675,0.5,0.37312500000000004,0.34462933172080246,0.8431599204241363,0.8670530661215734,69
3415.64453125,0.19719463815870333,0.5,0.37312500000000004,0.34462933172080246,0.8438008524517754,0.8678477062784163,69
3421.199462890625,0.19751533977880678,0.5,0.37375,0.3449178452344729,0.8444424400372085,0.8686426091420031,69
3426.746826171875,0.1978356044565192,0.5,0.375,0.3454941494713355,0.8450840118760126,0.8694355730360265,69
3432.30224609375,0.19815633426645435,0.5,0.37625000000000003,0.34606949399889503,0.8457280223144268,0.8702288307129086,69
3438.4130859375,0.19850913000992507,0.5,0.37812500000000004,0.34693072177777207,0.8464399651626806,0.8711029063068135,69
3445.135009765625,0.19889720532774288,0.5,0.37875000000000003,0.3472173230011872,0.8472248818505423,0.8720719348589522,69
3450.6904296875,0.19921793513767802,0.5,0.379375,0.3475036878523386,0.8478744265623416,0.8728906672871656,69
3456.80126953125,0.19957073088114874,0.5,0.38000000000000006,0.34778981691510247,0.8485891307213479,0.8737950947917605,69
3462.356689453125,0.19989146069108388,0.5,0.38125000000000003,0.3483613699989857,0.8492390353560485,0.874617828940541,69
3467.912109375,0.20021219050101902,0.5,0.381875,0.34864679517591307,0.8498896386625236,0.875441042372188,69
3474.02294921875,0.20056498624448973,0.5,0.38250000000000006,0.3489319868760959,0.8506053514101861,0.8763471042082122,69
3479.5791015625,0.20088575833917238,0.5,0.38250000000000006,0.3489319868760959,0.8512555876815859,0.8771747009137865,69
3485.69091796875,0.20123861046230648,0.5,0.38250000000000006,0.3489319868760959,0.8519710266274649,0.8780878655417209,69
3492.413818359375,0.20162674215978763,0.5,0.38375000000000004,0.3495016721319509,0.8527582145334752,0.8790938415835915,69
3498.8896484375,0.2020006098024389,0.5,0.385,0.3500704303147574,0.8535160168001205,0.8800643273872147,69
3506.01318359375,0.2024118712568132,0.5,0.38625000000000004,0.35063826593583475,0.8543506482709522,0.8811335391515556,69
3511.573486328125,0.20273288296506514,0.5,0.3868750000000001,0.35092183918552866,0.8550026796330058,0.8819511493486347,69
3517.689697265625,0.20308598879668432,0.5,0.3875,0.3512051834700321,0.855719842911494,0.8828218585420036,69
3523.249755859375,0.20340698641002042,0.5,0.3875,0.3512051834700321,0.8563717879497184,0.8836137112547899,69
3528.809814453125,0.2037279840233565,0.5,0.38812500000000005,0.3514882993430703,0.857023243245866,0.8844058604766364,69
3534.926025390625,0.20408108985497572,0.5,0.39000000000000007,0.35233628199729644,0.8576629591878283,0.8852710014198267,71
3541.65380859375,0.20446950345077367,0.5,0.39312500000000006,0.35374506923207105,0.8584580871902017,0.8862330371725973,71
3548.134033203125,0.20484362480191004,0.5,0.39562500000000006,0.3548680722768142,0.8592323398471235,0.8871598015258346,71
3553.696533203125,0.20516476336440453,0.5,0.39687500000000003,0.355428243221036,0.8598946258546041,0.8879517722842969,71
3559.2587890625,0.20548588783198318,0.5,0.3975,0.355707997883175,0.8605625955150349,0.8887322116044273,71
3565.37744140625,0.2058391346127608,0.5,0.39937500000000004,0.3565459448579543,0.8614874175937374,0.8895826590678702,72
3570.940673828125,0.2061603154600028,0.5,0.39937500000000004,0.3565459448579543,0.862146517822388,0.8903598199338962,72
3577.06005859375,0.20651360452552792,0.5,0.40062500000000006,0.3571034838143996,0.8628746006577003,0.8912146813514213,72
3582.624267578125,0.2068348417524333,0.5,0.4025000000000001,0.35793816391798144,0.8637279493024584,0.8920098971380851,71
3588.7451171875,0.20718821538745344,0.5,0.4025000000000001,0.35793816391798144,0.8644644671118057,0.8928683007708408,71
3595.227783203125,0.20756247768774821,0.5,0.403125,0.3582159584215095,0.8652456716319629,0.893777331626455,71
3601.710205078125,0.20793672589312717,0.5,0.40437500000000004,0.3587709021444888,0.8660291037333654,0.89468620260492,71
3608.192626953125,0.2083109740985061,0.5,0.40625,0.3596017119844745,0.8668099358106832,0.8955949403359431,71
3613.756591796875,0.20863219723049561,0.5,0.40625,0.3596017119844745,0.8674794937949005,0.8964083600021572,71
3619.31298828125,0.2089529834200941,0.5,0.4068750000000001,0.3598782223767227,0.8681483543094594,0.897228008084598,71
3624.8701171875,0.20927381189444014,0.5,0.40750000000000003,0.3601545204768291,0.8688177114458312,0.8980485795066979,71
3630.434814453125,0.20959507731117719,0.5,0.40875000000000006,0.36070648175160985,0.86948775014677,0.8988710760052498,71
3635.999755859375,0.20991635682283005,0.5,0.40937500000000004,0.3609821458971196,0.8701552987972352,0.8996944072273259,71
3642.120849609375,0.21026974455276606,0.5,0.40937500000000004,0.3609821458971196,0.8708887441323707,0.9006009320605752,71
3647.685546875,0.2105910099695031,0.5,0.4100000000000001,0.36125759969217835,0.8715559765776805,0.9014258733681075,71
3653.250244140625,0.21091227538624016,0.5,0.41187500000000005,0.3620827037735285,0.8722244830109824,0.9022515839326273,71
3659.371337890625,0.21126566311617617,0.5,0.414375,0.3631799266030658,0.8729648003915836,0.9031546898282967,71
3666.1044921875,0.21165438680012258,0.5,0.41625000000000006,0.3640006732466341,0.873780697524699,0.9041462141489216,71
3672.587646484375,0.21202867729024905,0.5,0.41625000000000006,0.3640006732466341,0.8745661646171669,0.9051019385553247,71
3679.0712890625,0.21240299597020718,0.5,0.4175,0.36454681109801607,0.8753524130307372,0.9060519420947108,71
3686.202880859375,0.2128147225568042,0.5,0.4175,0.36454681109801607,0.8762168598062775,0.9070645260968448,71
3692.686279296875,0.2131890271418465,0.5,0.4181250000000001,0.36481957343404353,0.8770037566943111,0.9079857654758825,71
3699.16943359375,0.21356331763197295,0.5,0.42000000000000004,0.3656366395715726,0.8777903203666982,0.908907614716848,71
3706.301025390625,0.21397504421856997,0.5,0.42125000000000007,0.36618033747720785,0.8786528288756829,0.909914181983792,71
3711.8662109375,0.2142963378251387,0.5,0.42125000000000007,0.36618033747720785,0.8793253803863503,0.9106758244227426,71
3717.98779296875,0.21464975374490639,0.5,0.42125000000000007,0.36618033747720785,0.8800652981320378,0.911513575793961,71
3724.7216796875,0.21503851971360033,0.5,0.421875,0.3664518839271899,0.880948811896931,0.9124257086074639,73
3731.4765625,0.2154284978450565,0.5,0.42312500000000003,0.3669943740597619,0.8817587545299825,0.913345523752018,73
3738.231689453125,0.21581849007142853,0.5,0.42437500000000006,0.3675360634675816,0.8825850369595258,0.9142655315279026,73
3744.70751953125,0.2161923577140798,0.5,0.4256250000000001,0.3680769556858673,0.8833710623242694,0.9151476414289931,73
3751.463623046875,0.21658240632011516,0.5,0.42750000000000005,0.36888680695244513,0.8841941995784974,0.9160680664684211,73
3758.634765625,0.21699641628307823,0.5,0.43062500000000004,0.3702326224657882,0.8850663308877795,0.9170451778597909,73
3766.2265625,0.21743471178603332,0.5,0.434375,0.37184117148465967,0.8859952898508603,0.918079754059783,73
3772.983642578125,0.21782481677173204,0.5,0.43625,0.3726428422064198,0.886823797906595,0.9190006962428626,73
3780.2080078125,0.2182418994263482,0.5,0.43687500000000007,0.3729096828007334,0.8877066711142944,0.9199854373663187,73
3786.694580078125,0.21861638724529642,0.5,0.4375,0.3731763325901154,0.8885015624301074,0.9208696999365886,73
3793.18115234375,0.21899087506424464,0.5,0.4375,0.3731763325901154,0.8892975313271672,0.9217540379437236,73
3799.939208984375,0.2193810364296067,0.5,0.439375,0.37397514120861436,0.8901265142047415,0.9226797464426553,73
3806.69677734375,0.21977116960513712,0.5,0.44000000000000006,0.37424103185095553,0.8911718671343145,0.9236685261550088,72
3813.455078125,0.22016134506541507,0.5,0.44062500000000004,0.37450673371747645,0.8920085343192601,0.9246451089567894,72
3820.889404296875,0.22059054934765346,0.5,0.4412500000000001,0.37477224720968555,0.8929291546387851,0.925720893594564,72
3827.6494140625,0.22098082347234227,0.5,0.441875,0.3750375727276702,0.8937673956092758,0.9267004590564694,72
3834.138427734375,0.2213554522404489,0.5,0.4425,0.37530271067010346,0.8945704955389517,0.9276419542958867,72
3840.626953125,0.22173005281872382,0.5,0.44375000000000003,0.3758324254159786,0.8954355240184896,0.9285542698629489,73
3847.114990234375,0.22210462520716706,0.5,0.44375000000000003,0.3758324254159786,0.8962263073039712,0.9294452887575178,73
3853.8740234375,0.22249484295219252,0.5,0.4443750000000001,0.3760970030097581,0.8970504440281533,0.9303738426902637,73
3860.633544921875,0.22288508888704966,0.5,0.44875,0.37794386014985887,0.8978772782980108,0.9313027776147511,73
3867.856689453125,0.22330210106708662,0.5,0.44875,0.37794386014985887,0.8987651502427703,0.9322957607580266,73
3874.34619140625,0.2236767580250249,0.5,0.451875,0.3792575375906198,0.899561121113442,0.9331881718409768,73
3881.484619140625,0.22408887926926543,0.5,0.45250000000000007,0.37951972741632983,0.9004364031270419,0.9341591663131608,73
3888.6708984375,0.2245037631170106,0.5,0.453125,0.3797817362341562,0.9013167468528386,0.9351170629964729,73
3896.2587890625,0.22494183310131222,0.5,0.4537500000000001,0.3800435644184691,0.9022464559490815,0.9361281684466266,73
3902.75048828125,0.22531661691349308,0.5,0.45437500000000003,0.38030521234235,0.9030423525095291,0.9369929319870378,73
3909.241943359375,0.22569138663075808,0.5,0.45625000000000004,0.3810890782630152,0.9040310007553108,0.9378533795313511,75
3916.00439453125,0.2260818017046053,0.5,0.45875000000000005,0.38213173158848507,0.9048587698774596,0.9387453432121526,75
3923.194091796875,0.2264968828811722,0.5,0.46062500000000006,0.38291185842620307,0.9057386673445238,0.939694033592058,75
3929.6865234375,0.22687170897810055,0.5,0.46187500000000004,0.3834310611845868,0.9065283244688758,0.9405510385454097,75
3936.17919921875,0.22724654916994477,0.5,0.46187500000000004,0.3834310611845868,0.9073198802995383,0.9414083691775139,75
3943.3212890625,0.2276588818379229,0.5,0.4625,0.38369039909802694,0.9081914282708914,0.9423517797120324,75
3949.815673828125,0.228033820694178,0.5,0.46312500000000006,0.3839495618422661,0.9089811566175348,0.9432099212725702,75
3956.5732421875,0.2284239538697084,0.5,0.46687500000000004,0.38550087952176876,0.9098063622303905,0.9441086564375457,75
3963.7724609375,0.22883958474799304,0.5,0.46875,0.3862742020231896,0.9106916839718898,0.9450670941351385,75
3970.965576171875,0.2292548632533817,0.5,0.470625,0.3870459794200768,0.9115744116725008,0.9460233369567884,75
3977.461181640625,0.229629872584216,0.5,0.47125000000000006,0.3873028967928221,0.912368848543176,0.9468856639018128,75
3984.6064453125,0.23004238848610004,0.5,0.4725000000000001,0.3878162209369808,0.9132444078832688,0.9478329293285707,75
3991.3740234375,0.2304330995531799,0.5,0.4725000000000001,0.3878162209369808,0.9140750970545417,0.9487555619361215,75
3998.619140625,0.23085138027564242,0.5,0.4725000000000001,0.3878162209369808,0.9149651779702259,0.9497805831279219,75
4005.81298828125,0.2312667010657786,0.5,0.47437500000000005,0.3885849357070288,0.9158456489875135,0.9507651271314245,75
4012.31103515625,0.23164185134577128,0.5,0.4756250000000001,0.38909656849703195,0.9166386707171379,0.9516178758510381,75
4018.808837890625,0.23201698753084812,0.5,0.47625000000000006,0.38935213277318814,0.9174306538252582,0.9524705600900087,75
4025.9560546875,0.2324296161920589,0.5,0.47750000000000004,0.3898627587405087,0.9185496367975311,0.9534109037626035,74
4032.45458984375,0.23280479466188325,0.5,0.478125,0.39011782108950743,0.9193517330208413,0.9542646185496457,74
4039.21630859375,0.23319516745098295,0.5,0.47937500000000005,0.3906274461547149,0.9201851027340795,0.9551530024846222,74
4045.986328125,0.2335860194672212,0.5,0.4806250000000001,0.3911364072124767,0.9210168167553077,0.9560425642242508,74
4052.485107421875,0.2339612120319614,0.5,0.48375000000000007,0.3924059217715869,0.9218179072571742,0.9568795842223893,74
4058.98388671875,0.2343364045967016,0.5,0.484375,0.3926593321446386,0.9226217745969099,0.9577114810410232,74
4065.483154296875,0.2347116253512735,0.5,0.48562500000000003,0.3931656628928871,0.9234255949779598,0.958543121047566,74
4072.63232421875,0.23512436677181098,0.5,0.48625000000000007,0.3934185838987125,0.9243098672418157,0.9594575468357449,74
4079.13232421875,0.23549962981113037,0.5,0.48750000000000004,0.39392393874274506,0.9254079724666732,0.9602832965349809,76
4085.632568359375,0.23587490694536561,0.5,0.48875,0.3944286461102029,0.9262143899981062,0.9611044291092252,76
4092.404296875,0.23626585762601474,0.5,0.49062500000000003,0.3951844985686082,0.9270441269115821,0.961960214258268,76
4099.17626953125,0.2366568224015797,0.5,0.49187500000000006,0.39568759807031106,0.9278715115619739,0.9628163843105995,76
4105.9482421875,0.23704778717714467,0.5,0.4925000000000001,0.39593890809759646,0.9286488441052134,0.9636678232913511,77
4112.72021484375,0.23743875195270964,0.5,0.49375,0.39644105022467924,0.9294680897927456,0.9645237784883878,77
4119.22119140625,0.23781407137169241,0.5,0.49500000000000005,0.3969425571300921,0.9302504134756383,0.9653461398717758,77
4125.7216796875,0.23818936260084347,0.5,0.49500000000000005,0.3969425571300921,0.9310332128005219,0.9661676334010585,77
4132.4873046875,0.23857996090859662,0.5,0.4956250000000001,0.39719307312671165,0.9318492292659101,0.9670215134268574,77
4138.9892578125,0.23895533670724273,0.5,0.49812500000000004,0.39819356104198966,0.9326356377074416,0.9678410376577914,77
4145.4921875,0.23933076888555221,0.5,0.5018750000000001,0.3996895972232577,0.9334202267490098,0.9686596263443845,77
4152.64599609375,0.23974377810949066,0.5,0.504375,0.40068385148886326,0.9342832140140406,0.9695589227372772,77
4159.8388671875,0.24015904251996348,0.5,0.5050000000000001,0.40093202980407333,0.9351511301907832,0.9705122714383843,77
4166.34375,0.24053458745759967,0.5,0.5050000000000001,0.40093202980407333,0.9359362916655141,0.9713906316503922,77
4173.12060546875,0.24092583413148144,0.5,0.5056250000000001,0.40118005459105166,0.9367550987779304,0.972307547845366,77
4180.31396484375,0.24134112673178593,0.5,0.50875,0.4024178855319474,0.9376210453835286,0.9732405186025116,77
4186.8193359375,0.24171669985925381,0.5,0.509375,0.4026649950950149,0.9384025423239715,0.9740521212509593,77
4193.3251953125,0.24209230117655337,0.5,0.510625,0.40315875983611976,0.9391839827979378,0.9748634722943932,77
4199.8310546875,0.24246790249385292,0.5,0.510625,0.40315875983611976,0.9399648877795093,0.9756745060274589,77
4206.330078125,0.24284310915350896,0.5,0.5112500000000001,0.40340541557032056,0.9407451410517548,0.9764843660160548,77
4212.83642578125,0.2432187386606402,0.5,0.5112500000000001,0.40340541557032056,0.9415254077347783,0.9772848302925342,77
4219.61572265625,0.24361012628368037,0.5,0.5125000000000001,0.403898275150059,0.9423372312254937,0.9780945653896324,77
4226.1240234375,0.24398586855013832,0.5,0.5143750000000001,0.40463643892485435,0.9431160425693693,0.9788723085538422,77
4232.63330078125,0.24436166719625962,0.5,0.515625,0.4051278009017859,0.9441435633466699,0.9796560136559036,76
4239.142578125,0.24473746584238096,0.5,0.5168750000000001,0.40561856764853216,0.9449338014833982,0.9804362151437372,76
4246.302734375,0.24515084153413122,0.5,0.5181250000000001,0.4061087413230311,0.9458043568498189,0.9812947375822914,76
4253.8818359375,0.24558840410146265,0.5,0.5206250000000001,0.4070873180221119,0.9471097042228388,0.9821827224308806,78
4260.39208984375,0.24596425912724731,0.5,0.521875,0.4075757252979693,0.9478933642020152,0.9829610764891392,78
4267.55322265625,0.24637769119866096,0.5,0.52375,0.4083072407988381,0.948753982318462,0.9838176841064926,78
4275.35205078125,0.2468279391902482,0.5,0.525,0.40879419057331295,0.9496884602388033,0.9847510758263279,78
4283.01806640625,0.2472705195476186,0.5,0.5256250000000001,0.4090374480721234,0.9506056000159506,0.9856690672747642,78
4289.52880859375,0.24764640276323496,0.5,0.52625,0.4092805609899154,0.9513855083817034,0.986449312530608,78
4296.69091796875,0.24805989121431196,0.5,0.52875,0.4102515719892848,0.9522383360929533,0.9873200601612507,78
4303.47607421875,0.24845161711533226,0.5,0.52875,0.4102515719892848,0.9530464228123042,0.9881716565246037,78
4310.75,0.2488715610378639,0.5,0.5300000000000001,0.41073621666150784,0.953913614309557,0.989086646727144,78
4317.26513671875,0.2492476979619654,0.5,0.5325000000000001,0.41170379448441885,0.9546899592326639,0.9899078051269754,78
4323.78076171875,0.24962386307589854,0.5,0.5337500000000001,0.41218673165277686,0.9554632143341433,0.9907291874242758,78
4330.29638671875,0.2500000281898317,0.5,0.5368750000000001,0.4133916062826175,0.9562342443079033,0.9915521757410747,78
4336.81201171875,0.2503761933037648,0.5,0.5375,0.4136321600453566,0.9570058541250223,0.9923766879482508,78
4343.6005859375,0.2507681165336069,0.5,0.5381250000000001,0.4138725739918657,0.957811099291892,0.9932370424504534,78
4350.79736328125,0.25118360646273313,0.5,0.5387500000000001,0.41411284836565654,0.9586651828142396,0.9941512843952507,78
4357.31396484375,0.25155982795632964,0.5,0.539375,0.4143529834095347,0.9594380680476229,0.994934491927646,78
4364.10205078125,0.25195172299634006,0.5,0.5412500000000001,0.41507255497921897,0.9602397505462225,0.9957388719362243,78
4370.6181640625,0.25232791630010487,0.5,0.541875,0.41531213511748194,0.9610073111351688,0.9964693048942759,78
4377.13525390625,0.25270416598353307,0.5,0.5437500000000001,0.41603004772784885,0.961625998298232,0.9971959383847033,79
4383.646484375,0.25308007738898114,0.5,0.5437500000000001,0.41603004772784885,0.9623839273567761,0.9979246263617056,79
4390.15966796875,0.25345610155375586,0.5,0.5437500000000001,0.41603004772784885,0.9631427226185671,0.9986539083189627,79
4396.67236328125,0.25383209752869895,0.5,0.5456250000000001,0.41674672362123116,0.9639006266858315,0.999383500560489,79
4403.19140625,0.25420845997145386,0.5,0.546875,0.4172238236327841,0.9646585560069442,1.0001251031604603,79
4409.7041015625,0.25458445594639695,0.5,0.5481250000000001,0.4177003786980451,0.9654138934025954,1.0009051850367925,79
4416.216796875,0.25496045192134,0.5,0.5487500000000001,0.41793845245843936,0.9661698520512305,1.0016845290658396,79
4423.001953125,0.2553521778223603,0.5,0.5487500000000001,0.41793845245843936,0.9669574160505552,1.0024956923730222,79
4430.4658203125,0.2557830875894153,0.5,0.550625,0.41865186143136845,0.9678242064803235,1.0033870701567589,79
4436.986328125,0.2561595346016653,0.5,0.5537500000000001,0.41983818248734134,0.9692579019097067,1.004160759166355,80
4443.779296875,0.25655171153999246,0.5,0.55625,0.4207848312258102,0.9700497452691877,1.0049717009553347,80
4450.2998046875,0.25692815855224244,0.5,0.55625,0.4207848312258102,0.9708066207578471,1.005749369564366,80
4456.814453125,0.2573042672865122,0.5,0.56,0.4222008245644753,0.9715624369408331,1.0065256086683783,80
4463.3349609375,0.25768071429876216,0.5,0.56,0.4222008245644753,0.972314329629475,1.0072863576945146,80
4470.5078125,0.2580948229261361,0.5,0.5612500000000001,0.4226717681850215,0.9731421443262118,1.008148754222997,80
4477.029296875,0.2584713263180494,0.5,0.5631250000000001,0.4233772013904943,0.973894056286904,1.0089076689632042,80
4483.54443359375,0.25884746324215085,0.5,0.565625,0.42431595465255206,0.9746411134569456,1.0096652928453678,80
4490.71142578125,0.2592612335915447,0.5,0.565625,0.42431595465255206,0.9754632728512593,1.0104980805163208,80
4497.2333984375,0.2596377651732897,0.5,0.56625,0.4245503186332234,0.9762112231944364,1.01125533647037,80
4503.7548828125,0.260014268565203,0.5,0.566875,0.42478455330959997,0.9769595366898113,1.0120098269172262,80
4510.92919921875,0.26042846176207196,0.5,0.5681250000000001,0.4252526356040208,0.9777817113262788,1.0128222857246472,80
4517.451171875,0.26080499334381696,0.5,0.5693750000000001,0.4257202032390474,0.9785271268786306,1.0135528217680607,80
4523.97265625,0.26118149673573027,0.5,0.570625,0.42618725790856954,0.9792713719726404,1.0142839085752955,80
4530.494140625,0.2615580001276436,0.5,0.573125,0.427119835080373,0.9800149997015218,1.0150155875523101,80
4537.2880859375,0.2619502334456341,0.5,0.5737500000000001,0.4273526613909757,0.9807899941897575,1.0157784509197492,80
4543.81005859375,0.2623267650273791,0.5,0.5737500000000001,0.4273526613909757,0.9815343697164509,1.016511353056965,80
4550.6044921875,0.2627190265352013,0.5,0.5743750000000001,0.4275853609243595,0.9823095615580911,1.0172754601734644,80
4557.126953125,0.263095586306778,0.5,0.57625,0.4282827009270972,0.9830501764651285,1.0180076692657831,80
4563.64892578125,0.263472117888523,0.5,0.5775,0.4287469641538458,0.9837894266185669,1.018737267021333,80
4570.17041015625,0.2638486212804363,0.5,0.578125,0.4289789073486061,0.9845284792743548,1.0194660003581293,80
4576.69140625,0.2642250964825179,0.5,0.5787500000000001,0.4292107252025151,0.9852669945427921,1.0201938695608432,80
4583.21337890625,0.2646016280642629,0.5,0.5800000000000001,0.4296739856991561,0.9860043846944085,1.0209210381504505,80
4589.73046875,0.2649778777476911,0.5,0.5806250000000001,0.42990542874621096,0.9867408384473088,1.0216468536732217,80
4596.52587890625,0.26537019563517666,0.5,0.58125,0.4301367472610639,0.9875075921840473,1.0224028052890093,80
4603.322265625,0.2657625699023256,0.5,0.581875,0.43036794144451934,0.9882726389028132,1.023191836508631,80
4610.119140625,0.26615497235930624,0.5,0.584375,0.43129147886163094,0.9890366384952557,1.0239852840777315,80
4616.916015625,0.2665473748162869,0.5,0.584375,0.43129147886163094,0.9898000695104867,1.0247809381806403,80
4624.39306640625,0.2669790457087972,0.5,0.584375,0.43129147886163094,0.9906399641711587,1.0256586143510964,80
4630.91796875,0.2673557464295323,0.5,0.5893750000000001,0.4331326461600091,0.9920527540438185,1.0264169806152073,81
4637.44287109375,0.26773244715026734,0.5,0.59125,0.4338210693433023,0.99278682991542,1.0271884903895356,81
4643.96826171875,0.2681091760608341,0.5,0.59125,0.4338210693433023,0.9935143189789767,1.0279621056489676,81
4650.49365234375,0.26848590497140085,0.5,0.5950000000000001,0.4351946487255507,0.9940132370072257,1.0287243389937915,82
4657.2919921875,0.2688783919978765,0.5,0.5962500000000001,0.43565154612038876,0.9947590581745198,1.0294813311402833,82
4663.81787109375,0.2692551490982749,0.5,0.5962500000000001,0.43565154612038876,0.9954750897688196,1.0301648982128333,82
4670.34326171875,0.2696318780088417,0.5,0.598125,0.4363359951616183,0.9961913998016217,1.030848917370571,82
4677.52197265625,0.2700463249141958,0.5,0.6000000000000001,0.4370193722368317,0.9969794432108845,1.0316019867495942,82
4684.0478515625,0.2704230820145942,0.5,0.6012500000000001,0.4374743638980508,0.997692546158473,1.0322870734803247,82
4690.84619140625,0.2708155690410699,0.5,0.6012500000000001,0.4374743638980508,0.9984359477141029,1.0330075712165347,82
4697.37158203125,0.27119229795163663,0.5,0.6018750000000002,0.43770168236696216,0.999149626144839,1.0337368122476918,82
4704.1640625,0.27158444670013215,0.5,0.6025,0.4379288828402779,0.9998917338352703,1.0344953071529912,82
4710.9580078125,0.2719766800181227,0.5,0.6043750000000001,0.4386097781198323,1.000634236465359,1.0352533593653348,82
4718.4306640625,0.2724080972021479,0.5,0.6050000000000001,0.43883650844157596,1.001448656225033,1.0360864408422232,82
4724.958984375,0.27278499525170474,0.5,0.6062500000000001,0.439289618018595,1.0021596408675164,1.0368136445591765,82
4731.486328125,0.27316183692159823,0.5,0.606875,0.4395159976357948,1.0028700073882948,1.0375401810384592,82
4738.01416015625,0.27353870678132336,0.5,0.6087500000000001,0.44019443796393276,1.003579931577064,1.0382662137880851,82
4744.54248046875,0.2739156048308802,0.5,0.609375,0.4404203524966205,1.0042898875795876,1.038994159863309,82
4751.07177734375,0.2742925592601004,0.5,0.6112500000000001,0.44109740186249347,1.0049991433939787,1.0397227570776002,82
4757.6025390625,0.2746695982588156,0.5,0.6131250000000001,0.441773413602988,1.0057064415938715,1.0404510708070165,82
4764.13330078125,0.2750466372575308,0.5,0.6143750000000001,0.44222351398830706,1.0064109407347843,1.0411673215943402,82
4770.6640625,0.27542367625624603,0.5,0.6143750000000001,0.44222351398830706,1.0071147802208045,1.0418753414058823,82
4777.46240234375,0.2758161632827217,0.5,0.6150000000000001,0.4424483924742312,1.0078473642698564,1.042611764880101,82
4783.99365234375,0.2761932304712686,0.5,0.6156250000000001,0.4426731567216338,1.0085508701929906,1.0433186733001274,82
4790.52490234375,0.2765702976598155,0.5,0.6175000000000002,0.44334676576974236,1.0092536614152228,1.044077647325791,82
4797.05615234375,0.2769473648483624,0.5,0.6193750000000001,0.44401935290602523,1.0099552179622269,1.044829570100421,82
4803.58154296875,0.27732409375892914,0.5,0.6193750000000001,0.44401935290602523,1.0106548944076328,1.0455284163743415,82
4810.11279296875,0.27770116094747604,0.5,0.6200000000000001,0.4442433223290478,1.0113543397249152,1.0462116598241553,82
4816.91748046875,0.2780940144417635,0.5,0.6200000000000001,0.4442433223290478,1.0120823067641682,1.0469241879817561,82
4823.72216796875,0.27848686793605104,0.5,0.6225,0.4451380731294614,1.0128095208166643,1.0476373933170973,82
4830.93701171875,0.27890340088894944,0.5,0.6243750000000001,0.44580795774190074,1.0142767689437993,1.048392213683696,83
4837.74267578125,0.2792963107629003,0.5,0.6268750000000001,0.4466995745481115,1.014980036545812,1.049107507089902,83
4844.275390625,0.2796734625209422,0.5,0.628125,0.4471447162375885,1.0156737377467604,1.0497946320369398,83
4851.14501953125,0.2800700652628431,0.5,0.629375,0.4475894152199349,1.016402067456283,1.0505177276378672,83
4857.6796875,0.28044732978021175,0.5,0.6300000000000001,0.4478115991081385,1.0170976793095932,1.0512059044400788,83
4864.8681640625,0.2808623404821995,0.5,0.6318750000000001,0.4484774903296516,1.017857076129698,1.0519558049515911,83
4872.08447265625,0.2812789580045929,0.5,0.6331250000000002,0.44892086907395223,1.0186171951622591,1.05270786670699,83
4878.89453125,0.28167212158702887,0.5,0.634375,0.44936381034507245,1.0193355368561565,1.0534169083971716,83
4885.4306640625,0.2820494706738926,0.5,0.6356250000000001,0.44980631543540156,1.020024049906286,1.0540974331820907,83
4892.2412109375,0.28244266244616023,0.5,0.6362500000000001,0.4500274048149033,1.02073953292676,1.0548117097264662,83
4898.77783203125,0.28282003972285563,0.5,0.6362500000000001,0.4500274048149033,1.02142481832914,1.0554965421113125,83
4905.314453125,0.283197416999551,0.5,0.638125,0.45069002221153226,1.022109076723474,1.0561806752315344,83
4911.8505859375,0.2835747660864147,0.5,0.638125,0.45069002221153226,1.022793009064951,1.0568640594645573,83
4918.66015625,0.28396790147901896,0.5,0.6393750000000001,0.45113122645053205,1.0232262536178314,1.0575727404384354,84
4925.87744140625,0.2843845753810758,0.5,0.6400000000000001,0.4513516668382051,1.0239724367557121,1.0583270685440023,84
4932.4130859375,0.2847618962781078,0.5,0.6418750000000001,0.45201234296667236,1.0246460690046135,1.059009432011396,84
4938.943359375,0.28513890708699136,0.5,0.6431250000000001,0.45245225775981096,1.0253185444401307,1.0597091317191931,84
4945.478515625,0.2855161997941917,0.5,0.6443750000000001,0.4528917452434745,1.0259908822788981,1.060405917895349,84
4952.01318359375,0.2858934643115603,0.5,0.6456250000000001,0.4533308066604452,1.0266634031669444,1.0611044293640435,84
4958.8212890625,0.2862865151346696,0.5,0.6468750000000001,0.45376944324749285,1.0273640689808732,1.061834029054065,84
4965.3564453125,0.28666380784186996,0.5,0.6481250000000001,0.4542076562354155,1.028036222281221,1.0625361334966823,84
4972.544921875,0.28707881854385764,0.5,0.649375,0.4546454468490794,1.0287735856391271,1.0633103794996348,84
4979.08056640625,0.28745613944088966,0.5,0.6525000000000001,0.45573808348098743,1.0294416743882595,1.0640160555774534,84
4986.27001953125,0.2878712065225407,0.5,0.65375,0.4561744053458646,1.0301750183280773,1.0647942101436902,84
4992.80615234375,0.2882485556094044,0.5,0.65375,0.4561744053458646,1.0308416303012977,1.0655033353377457,84
4999.6162109375,0.2886417191918404,0.5,0.65375,0.4561744053458646,1.031536291067441,1.0661865421253616,84
5006.8369140625,0.2890585904227189,0.5,0.654375,0.4563924098530978,1.032272786610846,1.0669010687272587,84
5014.43994140625,0.28949753429180264,0.5,0.6556250000000001,0.4568281067636358,1.0330481723430462,1.0676539169224315,84
5020.97705078125,0.2898749397583297,0.5,0.6568750000000001,0.4572633885267631,1.0337130578163105,1.0683016052132057,84
5027.7880859375,0.290268159720429,0.5,0.6587500000000001,0.45791553535949414,1.03440489805075,1.068976800829377,84
5034.3251953125,0.2906455651869561,0.5,0.6600000000000001,0.4583497844237541,1.035188582669613,1.0696271488898472,83
5040.86279296875,0.29102299884331484,0.5,0.660625,0.45856675474805925,1.0358575441019982,1.0702744736065328,83
5047.67431640625,0.2914162469952458,0.5,0.6618750000000001,0.45900038770996315,1.036553557788325,1.0709635385554737,83
5054.89794921875,0.2918332873651145,0.5,0.6637500000000001,0.4596500701125706,1.037804104802463,1.0716982087607323,85
5061.43603515625,0.2922107492113049,0.5,0.6643750000000002,0.45986642694738655,1.0384636992954603,1.0723643696000196,85
5067.97412109375,0.29258821105749533,0.5,0.6662500000000001,0.4605148875660271,1.039122998727321,1.0730301525909838,85
5074.5126953125,0.2929657010935174,0.5,0.6668750000000001,0.46073083828718847,1.0397805429836007,1.0736956066384111,85
5081.0517578125,0.2933432193193712,0.5,0.6681250000000001,0.46116243635680604,1.040437903379389,1.0743618991225907,85
5087.85888671875,0.29373621376281706,0.5,0.67,0.461809077155419,1.0411210309769827,1.0750556125346362,85
5094.67236328125,0.2941295746740748,0.5,0.6712500000000001,0.46223966846309233,1.0418031219790358,1.075749324699215,85
5101.486328125,0.29452296377516424,0.5,0.6725000000000001,0.4626698590340625,1.042484127488457,1.076442440656064,85
5108.02587890625,0.2949005101908497,0.5,0.6731250000000001,0.46288480439247964,1.0431373966754138,1.07710703818249,85
5115.22021484375,0.29531585917081754,0.5,0.6731250000000001,0.46288480439247964,1.043856219281667,1.0778374979772012,85
5122.82763671875,0.29575505674838637,0.5,0.6756250000000001,0.4637435895545335,1.0446138332158115,1.0786091256680401,85
5129.642578125,0.29614850222913913,0.5,0.6768750000000001,0.46417238630777397,1.0452886973080129,1.0792996987885473,85
5136.4580078125,0.2965419758997236,0.5,0.6768750000000001,0.46417238630777397,1.045963518741037,1.0799968889787372,85
5142.9990234375,0.2969196068849041,0.5,0.6781250000000001,0.46460078730925874,1.0466111458346086,1.080669581319932,85
5149.53515625,0.29729695597176775,0.5,0.6793750000000001,0.4650287936527294,1.0472583210703486,1.081341813476613,85
5156.072265625,0.29767436143829484,0.5,0.680625,0.46545640642689895,1.0479055385530223,1.0820141817622189,85
5162.61376953125,0.298052020613307,0.5,0.68125,0.4656700655643515,1.0485518982219737,1.0826870315286143,85
5169.15576171875,0.2984297079781508,0.5,0.6825000000000001,0.46609709001498517,1.049197162842625,1.0833531317731988,85
5175.697265625,0.29880736715316303,0.5,0.6837500000000001,0.4665237235963107,1.0498418347087923,1.084008620895943,85
5182.2392578125,0.29918505451800687,0.5,0.6843750000000001,0.46673689414597574,1.0504863816610892,1.0846654519118877,85
5189.435546875,0.29960051625730144,0.5,0.6875,0.4678012898136944,1.0508897271423185,1.0853868406171017,86
5196.25244140625,0.2999940744973809,0.5,0.6887500000000001,0.4682263705827405,1.0515514432003519,1.086072989531989,86
5202.79443359375,0.3003717618622248,0.5,0.6893750000000001,0.46843876631631454,1.0521862662291661,1.0867325947721658,86
5209.9912109375,0.300787251791351,0.5,0.6900000000000001,0.4686510657907604,1.0528843804024093,1.087445904205936,86
5216.53369140625,0.3011649673460266,0.5,0.690625,0.4688632691368353,1.0535180803092403,1.0880622727635372,86
5223.3505859375,0.3015585255861061,0.5,0.691875,0.4692873879654238,1.054177810631204,1.0887046546395711,86
5230.162109375,0.30195177373803705,0.5,0.6931250000000001,0.46971112384223984,1.0548365214510602,1.0893466840740216,86
5237.65478515625,0.3023843467051612,0.5,0.6937500000000001,0.4699228484975005,1.0555607197986092,1.0900675281834504,86
5245.2666015625,0.30282379799121517,0.5,0.69625,0.47076879490410606,1.0563702584699044,1.0908053741013761,85
5251.8095703125,0.30320154173572234,0.5,0.696875,0.4709800440935148,1.057008837297669,1.091437928398713,85
5259.00634765625,0.3036170316648486,0.5,0.6975000000000001,0.47119119857356634,1.0577103464106936,1.0921332189936594,85
5266.7412109375,0.30406358678848583,0.5,0.6975000000000001,0.47119119857356634,1.0584630652330171,1.0928799434437477,85
5273.55908203125,0.3044572014082287,0.5,0.6993750000000001,0.4718240950288451,1.0591245766526345,1.0935376675947697,85
5280.37744140625,0.30485084421780323,0.5,0.7000000000000001,0.4720348719413148,1.0597858318827975,1.0941949947902536,85
5286.92138671875,0.3052286443419738,0.5,0.700625,0.4722455547779337,1.0609424479029925,1.0948028675940964,87
5293.46044921875,0.3056061625678276,0.5,0.7025000000000001,0.47287704008982395,1.0615627749914274,1.0954302053294769,87
5300.0048828125,0.3059839908818298,0.5,0.7037500000000001,0.4732975622183604,1.06219318179802,1.0960577328074599,87
5307.203125,0.3063995653804511,0.5,0.7050000000000001,0.4737177110469614,1.062882008462906,1.0967475743223511,87
5313.74755859375,0.30677739369445334,0.5,0.70625,0.4741374875680072,1.0635057270022665,1.0973788212102593,87
5320.2919921875,0.3071552220084556,0.5,0.7081250000000001,0.4747664564329464,1.0641307698451627,1.098009800088207,87
5326.83642578125,0.30753305032245787,0.5,0.7087500000000001,0.47497592763503466,1.0647561663000937,1.0986401729617663,87
5333.380859375,0.3079108786364601,0.5,0.7100000000000001,0.4753945931439391,1.0653783237369847,1.0992699426193795,87
5340.57958984375,0.3083264813249131,0.5,0.7125,0.47623081998748346,1.0660609300804047,1.0999619817707633,87
5348.19873046875,0.3087663554584422,0.5,0.7131250000000001,0.4764396473687048,1.0667818096076338,1.100693649136263,87
5354.7431640625,0.30914418377244446,0.5,0.7150000000000001,0.4770655810487803,1.0674013741098372,1.1013243323409925,87
5361.9423828125,0.3095598146507291,0.5,0.7156250000000001,0.47727404318721883,1.0680831076878563,1.1020249933814057,87
5368.482421875,0.30993738925624625,0.5,0.7181250000000001,0.4781069828142387,1.068699621788575,1.1026617516674333,87
5375.67626953125,0.31035271004638243,0.5,0.7181250000000001,0.4781069828142387,1.0693771784391504,1.103362431862836,87
5382.22119140625,0.31073056655021636,0.5,0.71875,0.47831499108286324,1.0699934120528862,1.1040001378707733,87
5389.0390625,0.3111241811699592,0.5,0.7193750000000001,0.4785229089327537,1.0706354330383614,1.1046646626066832,87
5396.53955078125,0.3115572051743902,0.5,0.7193750000000001,0.4785229089327537,1.071341881183627,1.1053959723540545,87
5404.16015625,0.3119971638774144,0.5,0.721875,0.4793536784973324,1.0720598242022916,1.106139250018795,87
5412.109375,0.31245609433715893,0.5,0.723125,0.47976852381815716,1.072807599852684,1.1069113215833193,87
5418.9267578125,0.31284968076707015,0.5,0.7237500000000001,0.47997581202131273,1.073447727508043,1.10755720958462,87
5426.42578125,0.3132826202020061,0.5,0.7256250000000001,0.48059714019344013,1.0741510084565924,1.1082686883654247,87
5433.24267578125,0.31367617844208556,0.5,0.7262500000000001,0.48080407115682583,1.074789050069959,1.1089163452839346,87
5440.06005859375,0.3140697648719967,0.5,0.7268750000000002,0.4810109130984898,1.075427009304343,1.109564879939681,87
5446.87255859375,0.3144630694035911,0.5,0.7287500000000001,0.48163090593984675,1.0757672505304903,1.1102088392937637,88
5453.68994140625,0.3148566558335023,0.5,0.7300000000000001,0.48204379149011684,1.0763972314632788,1.1108241600688509,88
5460.50732421875,0.31525024226341347,0.5,0.7325,0.48286850345578214,1.0770501651930355,1.111440728699265,87
5467.3251953125,0.3156438568831563,0.5,0.7325,0.48286850345578214,1.0776855561361314,1.1120551565648125,87
5474.82470703125,0.31607682450792396,0.5,0.7331250000000001,0.4830744614533991,1.0783845686383984,1.1127419671185763,87
5481.642578125,0.3164704391276668,0.5,0.7337500000000001,0.4832803316785781,1.0790202342114117,1.1133659459786116,87
5488.4609375,0.3168640819372413,0.5,0.734375,0.48348611424344057,1.079655952235791,1.113989580884997,87
5495.27978515625,0.31725775293664754,0.5,0.734375,0.48348611424344057,1.0802908364385322,1.1146128704420044,87
5502.09814453125,0.31765139574622203,0.5,0.7362500000000001,0.48410293709377133,1.0809238455976324,1.11523572410516,87
5509.5986328125,0.31808441975065305,0.5,0.7362500000000001,0.48410293709377133,1.0816204501833488,1.115920436490681,87
5516.41796875,0.3184781189398909,0.5,0.7368750000000001,0.4843083701338237,1.0822538961800092,1.1165425535544435,87
5523.2373046875,0.31887181812912885,0.5,0.73875,0.48492414707691694,1.082887109259116,1.1171642754909779,87
5530.056640625,0.3192655173183667,0.5,0.7400000000000001,0.48533423099551215,1.0835185484781122,1.117785601148733,87
5536.8759765625,0.3196592165076046,0.5,0.7418750000000001,0.4859487080058962,1.084657328227041,1.1183836105140506,89
5543.69580078125,0.32005294388667416,0.5,0.74375,0.4865624089972368,1.0852865154517186,1.1190024017793996,89
5550.515625,0.3204466712657437,0.5,0.7456250000000001,0.4871753369022173,1.0859096175491283,1.1196212728507249,89
5557.33544921875,0.3208403986448133,0.5,0.7468750000000001,0.4875835274530085,1.0865354423977769,1.1202469902740064,89
5564.15576171875,0.32123415421371454,0.5,0.748125,0.48799137656443115,1.0871581057594406,1.1208720748924708,89
5570.97607421875,0.3216279097826158,0.5,0.75,0.4886025119029199,1.087779460385655,1.1214964852628058,89
5578.47802734375,0.32206101835654183,0.5,0.7506250000000001,0.4888060538871301,1.0884624323498597,1.1221825262280887,89
5585.298828125,0.3224548021152748,0.5,0.7525000000000001,0.4894161719368318,1.089083736397188,1.1228055762275282,89
5592.8017578125,0.32288796706886413,0.5,0.7550000000000001,0.4902284814948658,1.089764774121155,1.1234901689289953,89
5599.61767578125,0.3232814689292803,0.5,0.7562500000000001,0.4906341319420121,1.0903824190732094,1.1241113836365118,89
5606.43896484375,0.32367528087784486,0.5,0.7562500000000001,0.4906341319420121,1.0910004653803769,1.1247324310198097,89
5613.26025390625,0.3240690928264095,0.5,0.7562500000000001,0.4906341319420121,1.0916185872255235,1.1253528245719173,89
5620.763671875,0.32450228596983055,0.5,0.7568750000000001,0.49083683144743384,1.0922978678771562,1.12603450620358,89
5628.5087890625,0.32494943307993307,0.5,0.759375,0.4916467937664356,1.0929975803841538,1.1267373250449917,89
5636.46533203125,0.3254087863871528,0.5,0.7600000000000001,0.49184907593659355,1.0937153635306105,1.1274732990495069,89
5644.2109375,0.325855961687087,0.5,0.7606250000000001,0.4920512749486031,1.0944143715673225,1.128191581830863,89
5651.03564453125,0.3262499709644734,0.5,0.7606250000000001,0.4920512749486031,1.09503043464976,1.1288248057112054,89
5657.861328125,0.3266440366215231,0.5,0.7612500000000001,0.492253390904939,1.09564664351326,1.129458424366945,89
5664.68310546875,0.32703787675991935,0.5,0.7618750000000001,0.4924554239078655,1.0962628445297005,1.1300919707796477,89
5671.509765625,0.3274319987966325,0.5,0.76375,0.4930610262156908,1.0968795409479688,1.1307206701230852,89
5679.01904296875,0.32786553021803366,0.5,0.765625,0.49366588560428676,1.09755604973672,1.131397708372793,89
5686.765625,0.3283127618976312,0.5,0.7675000000000001,0.49427000480107974,1.0982323220336936,1.1320983303459573,88
5693.59326171875,0.32870694031400766,0.5,0.77,0.4950743503369154,1.09885187480683,1.132715663392832,88
5700.4208984375,0.3291011187303841,0.5,0.77,0.4950743503369154,1.099470740811676,1.1333334912462454,88
5707.2490234375,0.3294953253365922,0.5,0.7706250000000001,0.49527523261352746,1.0998081198655068,1.133947497358401,89
5714.759765625,0.3299289413274885,0.5,0.7712500000000001,0.49547603344586566,1.1004818107155243,1.1346234011535594,89
5721.5830078125,0.3303228660353798,0.5,0.7712500000000001,0.49547603344586566,1.1010939781521074,1.1352141784238894,89
5729.0888671875,0.3307562001279593,0.5,0.7725000000000001,0.49587739117344154,1.1017669169891362,1.1358638236654992,89
5735.91748046875,0.3311504349239991,0.5,0.774375,0.49647881940076044,1.1023787901278155,1.13645463149982,89
5742.74609375,0.3315446697200389,0.5,0.775,0.49667913363905053,1.1029914596836208,1.1370452229866514,89
5750.25732421875,0.3319783139007668,0.5,0.775,0.49667913363905053,1.1036656576192094,1.1376945955807543,89
5757.08642578125,0.3323725768866383,0.5,0.77875,0.49787932660999995,1.1042780986711123,1.138287723660263,89
5764.59814453125,0.33280624925719793,0.5,0.779375,0.49807907760163134,1.1049500855858752,1.1389402547827927,89
5771.42724609375,0.3332005122430694,0.5,0.7800000000000001,0.49827874851668796,1.1055610665299687,1.1395330892077689,89
5778.2568359375,0.33359480341877257,0.5,0.7800000000000001,0.49827874851668796,1.106172203262327,1.1401255835217994,89
5785.08642578125,0.33398909459447573,0.5,0.7806250000000001,0.49847833945139647,1.1067835508338348,1.1407176928330256,89
5791.916015625,0.3343833857701789,0.5,0.78125,0.49867785050179086,1.1073947562456732,1.141309414693757,89
5799.4287109375,0.33481711452040186,0.5,0.784375,0.499674210836832,1.108564545503434,1.1419491649982443,91
5807.6923828125,0.33529419923174814,0.5,0.7875000000000001,0.5006685883593409,1.1092960326286816,1.1426662572471722,91
5814.52294921875,0.3356885467871147,0.5,0.7887500000000001,0.5010657868259066,1.1098980584246185,1.1432644180786944,91
5822.03662109375,0.336122331917001,0.5,0.7893750000000002,0.5012642680326713,1.11056129506902,1.143921574193473,91
5829.9970703125,0.33658191074287425,0.5,0.790625,0.5016609948601342,1.111264221882662,1.144616867808164,91
5836.82861328125,0.3369763146779041,0.5,0.7918750000000001,0.5020574081933153,1.1118662977205749,1.1452127929280342,91
5844.3427734375,0.33741012799762216,0.5,0.7937500000000001,0.5026514420136322,1.1125269520795886,1.1458674508268438,91
5852.6083984375,0.33788732546829514,0.5,0.795,0.5030470748509662,1.1132530150819446,1.146586600185242,91
5861.23046875,0.33838510151609424,0.5,0.796875,0.5036399413794622,1.1140104173226906,1.147335675508962,91
5868.06201171875,0.3387795054511241,0.5,0.7975000000000001,0.5038374085273671,1.1146087103854099,1.1479284083248666,91
5875.57666015625,0.33921334696067384,0.5,0.7981250000000001,0.5040347983130112,1.1152668930409735,1.1485796140924256,91
5883.83349609375,0.3396900370143766,0.5,0.7981250000000001,0.5040347983130112,1.1159900798907876,1.1492941796851466,91
5890.66552734375,0.3400844691392381,0.5,0.7993750000000001,0.5044293461607559,1.1165879644707324,1.1498846857742193,91
5897.49365234375,0.34047867574544627,0.5,0.8,0.504626504404032,1.117185448013997,1.150474175670583,91
5904.328125,0.34087324881946623,0.5,0.800625,0.5048235856473996,1.1177826116929186,1.1510635373346871,91
5911.1640625,0.3412679064629812,0.5,0.8012500000000001,0.505020589981005,1.1183055539055868,1.151654543319745,90
5917.99755859375,0.3416624231573378,0.5,0.8025000000000001,0.5054143682786354,1.118908496683142,1.1522423095940304,90
5925.5146484375,0.34209640561604593,0.5,0.8031250000000001,0.505611142422076,1.1195720650600338,1.1528881126097583,90
5933.77685546875,0.34257340575789713,0.5,0.8050000000000002,0.5062010059037334,1.120302087324804,1.1535970146929089,90
5942.0390625,0.3430504058997484,0.5,0.806875,0.5067901828316588,1.1210326581896757,1.1543177353577987,90
5950.3017578125,0.3435274342314313,0.5,0.81,0.5077706251929807,1.1215241093443398,1.155029844825293,91
5958.56396484375,0.34400443437328254,0.5,0.8118750000000001,0.5083579829662018,1.1222441339232159,1.1557414114384181,91
5967.1796875,0.3445018439532698,0.5,0.813125,0.5087491780860139,1.1229944623331134,1.1564834928053433,91
5975.5283203125,0.34498383369532837,0.5,0.8137500000000002,0.5089446628878819,1.1237221490935847,1.1572026124540125,91
5983.791015625,0.34546086202701126,0.5,0.8150000000000001,0.5093354074083103,1.1244429770135285,1.157914348450777,91
5990.6259765625,0.3458554632908629,0.5,0.8150000000000001,0.5093354074083103,1.1250396155705995,1.1585030997783483,91
5997.46142578125,0.3462500927445462,0.5,0.8168750000000001,0.5099209627740205,1.125636914473382,1.1590918782903676,91
6004.98095703125,0.34668421615241274,0.5,0.8175000000000001,0.51011599852901,1.12629386049218,1.1597385483502058,91
6013.23876953125,0.34716096258577883,0.5,0.8181250000000001,0.5103109597432861,1.1270144941771918,1.1604261915267449,91
6022.25146484375,0.34768129049892166,0.5,0.8181250000000001,0.5103109597432861,1.1278006931504938,1.1611778476073438,91
6030.6025390625,0.3481634211901386,0.5,0.8206250000000002,0.5110900608988335,1.1285298412814722,1.1618737782700814,91
6038.9541015625,0.34864558007118723,0.5,0.821875,0.5114791664450302,1.12925703489215,1.1625691419836894,91
6047.30615234375,0.3491277671420675,0.5,0.8225,0.5116736082564429,1.1299842089560665,1.1632639307583,91
6055.56787109375,0.34960473909408707,0.5,0.8231250000000001,0.511867976205811,1.1312037792259242,1.1639472404182303,93
6063.82958984375,0.35008171104610664,0.5,0.8250000000000001,0.5124506377219442,1.1319182956913951,1.1646349274685524,93
6072.1826171875,0.35056395449665023,0.5,0.828125,0.5134202708268847,1.132638172577413,1.1653295005386464,93
6080.4462890625,0.3510410392079965,0.5,0.8300000000000001,0.5140011726956917,1.133350931210302,1.1660060033210307,93
6088.7109375,0.35151818029900617,0.5,0.8325000000000001,0.5147746888183273,1.1340618369765256,1.1666964354001077,93
6096.9755859375,0.35199532139001577,0.5,0.8331250000000001,0.5149678863063897,1.1347738257425215,1.1673859582459563,93
6105.599609375,0.35249321019714164,0.5,0.8343750000000001,0.5153540640031865,1.1355173592938412,1.168104316844453,93
6114.22412109375,0.3529911271940992,0.5,0.835,0.515547044374677,1.1362587529773385,1.1688215506707045,93
6122.8486328125,0.3534890441910567,0.5,0.8362500000000002,0.5159327885695917,1.136999938183773,1.1695376251612624,93
6131.47314453125,0.3539869611880142,0.5,0.8387500000000001,0.51670341302981,1.1376066901262616,1.1702558540205334,92
6140.09814453125,0.35448490637480345,0.5,0.8393750000000001,0.5168958896291587,1.1383548389595775,1.1709699230932207,92
6148.7236328125,0.35498287975142434,0.5,0.8406250000000001,0.5172806279702045,1.139101289473254,1.1716828782569513,92
6157.07861328125,0.3554652359612947,0.5,0.8431250000000001,0.5180492474550161,1.1398248631461712,1.172372379080859,92
6165.43408203125,0.35594762036099675,0.5,0.84375,0.5182412242070032,1.140549884577642,1.1730608479235776,92
6174.39990234375,0.35646524205029834,0.5,0.8450000000000002,0.5186249645218626,1.1413273326826776,1.1737984215214277,92
6182.755859375,0.3569476546398321,0.5,0.8450000000000002,0.5186249645218626,1.1420503637129682,1.1744847243354135,92
6191.02490234375,0.3574250494393268,0.5,0.846875,0.5192000432029044,1.1425741717880387,1.1751580459118667,93
6199.29443359375,0.35790247242865325,0.5,0.8500000000000001,0.5201570947860099,1.1432824173837655,1.1758350219476197,93
6207.564453125,0.35837992360781135,0.5,0.850625,0.5203482938716019,1.1439920420555143,1.1765110252129176,93
6215.83447265625,0.35885737478696944,0.5,0.850625,0.5203482938716019,1.1447021826541708,1.177186020641437,93
6224.10498046875,0.3593348541559592,0.5,0.850625,0.5203482938716019,1.1454122127285404,1.1778600528927479,93
6232.3759765625,0.3598123617147807,0.5,0.853125,0.5211123886941726,1.1461225505368475,1.1785366216536703,93
6240.64697265625,0.3602898692736022,0.5,0.8562500000000001,0.5220659345761518,1.1468323824350397,1.1792171882398537,93
6248.91845703125,0.3607674050222553,0.5,0.856875,0.5222564348322916,1.1475404551940795,1.1798977635561838,93
6257.18994140625,0.36124494077090846,0.5,0.8581250000000001,0.5226372270336905,1.1482490547299327,1.1805782793841946,93
6265.8193359375,0.36174313966618277,0.5,0.8581250000000001,0.5226372270336905,1.1489885153504689,1.1812881481721105,93
6274.7880859375,0.36226093049447444,0.5,0.86,0.5232078956954491,1.1497572505036322,1.1820257994811032,93
6283.75732421875,0.3627787495125978,0.5,0.8606250000000002,0.5233979803141439,1.1505262049774785,1.1827632727393258,93
6292.7265625,0.3632965685307212,0.5,0.8606250000000002,0.5233979803141439,1.1512947906976412,1.183495657577135,93
6301.75146484375,0.363817601189656,0.5,0.8612500000000001,0.5235879959240756,1.1520674406192006,1.1842319927367533,93
6310.7763671875,0.36433863384859083,0.5,0.8625,0.5239678204179332,1.1533569575869758,1.1849504866111005,95
6319.4072265625,0.3648369173133602,0.5,0.8656250000000001,0.5249161792399276,1.1540912167197281,1.1856387109870772,95
6328.03857421875,0.3653352289679612,0.5,0.86875,0.5258628277623055,1.154826270573821,1.1863260161936662,95
6336.669921875,0.3658335406225623,0.5,0.8700000000000001,0.5262410103554245,1.1555591086980355,1.1870123605021827,95
6345.693359375,0.3663544887120021,0.5,0.8718750000000001,0.5268077752050482,1.1563277866375203,1.1877288525884746,95
6353.96875,0.3668322499793087,0.5,0.8743750000000001,0.5275625145250106,1.1568425210856343,1.1883850764948296,94
6362.9365234375,0.367349984427937,0.5,0.875625,0.5279394795709843,1.1576137174751795,1.189091088792919,94
6372.09619140625,0.3678787974804154,0.5,0.87875,0.5288807166876157,1.1584010429392955,1.1898242969581885,94
6380.37353515625,0.3683566715070487,0.5,0.8793750000000001,0.5290687631706024,1.1591135241210442,1.190485648786525,94
6388.650390625,0.3688345173438503,0.5,0.8806250000000001,0.5294446557673433,1.1598250697877164,1.1911458008263376,94
6397.62353515625,0.3693525618806271,0.5,0.8812500000000001,0.5296325020233045,1.1605955480323842,1.1918601828230437,94
6406.59619140625,0.36987057822757224,0.5,0.8812500000000001,0.5296325020233045,1.161365895519104,1.1925731746147805,94
6415.5693359375,0.37038862276434903,0.5,0.8825000000000002,0.5300079948049796,1.1620072123415743,1.1932834674743895,95
6424.54296875,0.3709066954909575,0.5,0.885,0.530758183425046,1.1627689128996725,1.1939938291307337,95
6433.5126953125,0.3714245426989125,0.5,0.8868750000000001,0.5313201297798243,1.1635304372183197,1.1947025626263672,95
6442.48681640625,0.3719426436153527,0.5,0.8875000000000001,0.5315073132028516,1.1642918463331013,1.1954103301286054,95
6451.1181640625,0.37244095526995374,0.5,0.8875000000000001,0.5315073132028516,1.165023691167418,1.1960898305742347,95
6459.75,0.37293929511438645,0.5,0.8887500000000002,0.5318814824242747,1.165755677825819,1.1967681657105729,95
6468.03173828125,0.37341742284950485,0.5,0.890625,0.5324422432362393,1.166458218964453,1.1974178619432372,95
6476.31201171875,0.37389546601512824,0.5,0.8918750000000002,0.5328157559045794,1.167160910275384,1.19806634541656,95
6484.5927734375,0.3743735373705833,0.5,0.89375,0.5333755344752541,1.1678634443555702,1.198713774113957,95
6493.2255859375,0.3748719335946794,0.5,0.8950000000000001,0.5337483940345794,1.1685965349472585,1.1993875692173055,95
6502.2509765625,0.37539299444344587,0.5,0.8950000000000001,0.5337483940345794,1.1693634883346935,1.2000907464084973,95
6511.2763671875,0.3759140552922124,0.5,0.8956250000000001,0.5339347261729261,1.1701301189952182,1.200792642802588,95
6520.2529296875,0.37643229715781096,0.5,0.8981250000000002,0.5346794053718705,1.170894298605246,1.2014894774423028,95
6528.5341796875,0.3769103967030977,0.5,0.899375,0.5350513563075481,1.1715998586328484,1.2021321466431423,95
6536.81787109375,0.37738863719754284,0.5,0.9018750000000001,0.5357944835494355,1.1723056864939547,1.2027836948844945,95
6545.79443359375,0.3779068790631414,0.5,0.9031250000000001,0.5361656609292841,1.1736520992595874,1.2034832959534463,97
6554.828125,0.37842841913904646,0.5,0.90625,0.5370924821239451,1.174414969210179,1.2041929324781253,97
6563.462890625,0.37892692812246925,0.5,0.9087500000000001,0.5378327891357312,1.1751451296990718,1.2048650782418533,97
6572.4404296875,0.37944522636773115,0.5,0.909375,0.5380177067238444,1.1756517558781507,1.2055563744778193,96
6581.41845703125,0.37996355280282473,0.5,0.909375,0.5380177067238444,1.1764172197513274,1.206241557921906,96
6590.0537109375,0.3804620899760792,0.5,0.9118750000000001,0.5387567423836515,1.1771545721664969,1.2069948080016348,96
6598.689453125,0.3809606553391654,0.5,0.9125000000000001,0.538941342951818,1.1778917767121289,1.2076632023051965,96
6606.9755859375,0.3814390367827689,0.5,0.913125,0.5391258803114295,1.1785985914618822,1.2083383597150676,96
6615.26171875,0.3819174182263725,0.5,0.9143750000000002,0.5394947656644165,1.179305109183647,1.208982335188618,96
6623.548828125,0.3823958560496394,0.5,0.91625,0.5400476212482546,1.180012433695836,1.209630798970459,96
6631.8349609375,0.3828742374932429,0.5,0.9181250000000001,0.5405999114432899,1.1807203613778545,1.2103127056740597,96
6640.1220703125,0.3833526753165098,0.5,0.9206250000000001,0.5413354218670272,1.1813629934023555,1.2109944458641666,97
6648.40869140625,0.383831084949945,0.5,0.9212500000000001,0.5415191433798229,1.1820647091089587,1.211905640259213,97
6657.044921875,0.38432967850286287,0.5,0.9225,0.5418863995382676,1.182795726562312,1.2128671850832042,97
6665.6806640625,0.384828243865949,0.5,0.9237500000000001,0.5422534069623507,1.183526157847333,1.2137423728828767,97
6673.96826171875,0.3853067098790476,0.5,0.9243750000000001,0.5424368175567931,1.1842271241044493,1.2145736572381887,97
6682.25634765625,0.38578520408197786,0.5,0.925,0.5426201661567753,1.1849282371546042,1.2154048776491622,97
6690.54443359375,0.3862636982849081,0.5,0.9262500000000001,0.54298667762454,1.1856291255517115,1.2162359888467278,97
6698.8330078125,0.38674222067767,0.5,0.9275000000000001,0.543352941866947,1.1863304072024805,1.2170630058687848,97
6707.1220703125,0.38722077126026366,0.5,0.9300000000000002,0.5440847306724619,1.187032363714544,1.2178683071606695,97
6715.4111328125,0.38769932184285727,0.5,0.93125,0.5444502562297634,1.1877360551955891,1.2186732930956277,97
6723.70068359375,0.38817790061528257,0.5,0.93125,0.5444502562297634,1.1884388701937887,1.219478014228344,97
6731.6923828125,0.38863928359038324,0.5,0.9325000000000001,0.5448155365501105,1.1891161666715577,1.2202535282875615,97
6739.982421875,0.38911789055264023,0.5,0.9331250000000001,0.544998084900534,1.1898189867665823,1.221057692653168,97
6748.27294921875,0.38959652570472886,0.5,0.9356250000000002,0.5457276676701569,1.1905232036116307,1.2218616013315307,97
6756.5634765625,0.39007516085681754,0.5,0.9375,0.5462742152960396,1.1912281621651901,1.222665210021282,97
6764.85400390625,0.39055379600890616,0.5,0.94125,0.5473656733578505,1.1926168600238178,1.2252451021354758,99
6773.14501953125,0.39103245935082653,0.5,0.9418750000000001,0.5475473715116875,1.1933160029200789,1.225212623372171,99
6781.4365234375,0.39151115088257854,0.5,0.9425000000000001,0.547729009390796,1.1940143879293303,1.2260463930581984,99
6790.46875,0.39203260638898857,0.5,0.9450000000000002,0.548454959357359,1.1944659110901246,1.2270116875572687,98
6799.50244140625,0.3925541464648936,0.5,0.94625,0.548817574246135,1.195234629722804,1.2279221052703793,98
6808.53662109375,0.39307571473063035,0.5,0.9481250000000001,0.5493610477982641,1.1960031058084295,1.2287831900961945,98
6817.52099609375,0.3935944076335358,0.5,0.9487500000000001,0.5495420862107573,1.1967676311503725,1.2296339441103172,98
6826.50146484375,0.3941128750177878,0.5,0.9493750000000001,0.549723065002494,1.1975322105107569,1.2304876647894942,98
6835.48193359375,0.3946313424020398,0.5,0.9493750000000001,0.549723065002494,1.1982965283477838,1.2313444834561946,98
6844.466796875,0.3951500634947769,0.5,0.9512500000000002,0.5502656442413345,1.1990607762867875,1.2319684340862376,98
6852.76123046875,0.395628924165519,0.5,0.9525000000000001,0.5506270667067327,1.1997661729780271,1.23255063201567,98
6861.74609375,0.3961476452582561,0.5,0.953125,0.5508076890067217,1.2005302076016948,1.233192000908607,98
6870.041015625,0.39662653411882987,0.5,0.95625,0.5517099135082221,1.2012235906522417,1.233845615198833,99
6878.3349609375,0.3971053665997403,0.5,0.9581250000000001,0.5522505406967425,1.2019235756707811,1.2347398303581119,99
6886.63037109375,0.3975842836501457,0.5,0.9587500000000001,0.5524306321871637,1.2026238198229662,1.2356342886451603,99
6895.6669921875,0.39810599286504084,0.5,0.961875,0.5533302104286677,1.2033869064538418,1.2366087695237622,99
6904.70361328125,0.398627702079936,0.5,0.9650000000000001,0.5542283285500282,1.204153033510275,1.2375833601224397,99
6914.64404296875,0.39920159067327016,0.5,0.9656250000000001,0.5544077775845346,1.2049986846293497,1.2386555577402105,99
6922.94140625,0.39968062048300235,0.5,0.9662500000000002,0.554587168554311,1.2057042414681753,1.2395506407341523,99
6931.23876953125,0.4001596502927345,0.5,0.9681250000000001,0.5551249936380837,1.2064097879317284,1.2404458279131594,99
6939.53662109375,0.40063870829229836,0.5,0.96875,0.5553041529113097,1.2071159352822798,1.2413411755833264,99
6948.5234375,0.40115754214436217,0.5,0.9706250000000001,0.5558412842504071,1.2078821770681403,1.2423109891893611,99
6958.4091796875,0.4017282734765482,0.5,0.9712500000000001,0.5560202127225293,1.2087253049982476,1.2433779670877803,99
6967.39697265625,0.4022471637082754,0.5,0.9712500000000001,0.5560202127225293,1.2094911128542978,1.244348175926051,99
6976.384765625,0.4027660539400026,0.5,0.9737500000000001,0.5567353515553564,1.210256320282298,1.2453185301451948,99
6985.37255859375,0.4032849441717298,0.5,0.9756250000000002,0.5572711034210018,1.2118094531701975,1.2493629635247723,101
6994.36083984375,0.4038038625932886,0.5,0.9768750000000002,0.5576279853681938,1.2125644647732132,1.2501252087415329,101
7004.248046875,0.4043746784949697,0.5,0.978125,0.557984639056955,1.2133937353050408,1.2500490860820168,101
7014.248046875,0.4049520062477688,0.5,0.978125,0.557984639056955,1.214232908167871,1.2502310611384582,101
7022.54736328125,0.4054311488168277,0.5,0.9800000000000001,0.5585191925620058,1.2145785960301894,1.2512206534857695,100
7030.8466796875,0.4059102913858865,0.5,0.9825000000000002,0.5592311357351041,1.2152814840053734,1.2520845906911013,100
7039.146484375,0.4063894621447771,0.5,0.9862500000000001,0.5602973543117651,1.215985880325264,1.2529331193762558,100
7047.4462890625,0.4068686329036677,0.5,0.9875,0.5606523099091747,1.2166935900516187,1.2537819009977664,100
7055.74658203125,0.40734783185238993,0.5,0.9912500000000002,0.5617158308964441,1.2174035165659498,1.254630951060955,100
7064.04736328125,0.40782705899094385,0.5,0.9918750000000002,0.561892888688358,1.2181143142352246,1.255480236841475,100
7072.34912109375,0.40830634250916115,0.5,0.9925000000000002,0.5620698907052506,1.2188249878286475,1.2562830627257604,100
7080.65234375,0.40878571059687346,0.5,0.993125,0.5622468369997977,1.2195354276423898,1.2567202758910063,100
7088.95654296875,0.40926513506424916,0.5,0.9950000000000001,0.5627773420748847,1.2202474392007938,1.257164241352095,100
7098.00048828125,0.4097872671266195,0.5,0.9956250000000001,0.5629540660051552,1.2210615995359977,1.2577376082604268,101
7107.044921875,0.4103094273788215,0.5,0.9975000000000002,0.5634839052433807,1.2218283947592181,1.2586375191786092,101
7115.35009765625,0.41078890822586056,0.5,0.9981250000000002,0.563660407645593,1.222532250691983,1.2594632096850218,101
7123.65576171875,0.4112684172627313,0.5,0.9993750000000001,0.5640132467459659,1.2232367764784218,1.2602883163795426,101
7131.96142578125,0.411747926299602,0.5,1.0,0.5641895835477563,1.223941512310442,1.2611127950481964,101
7140.267578125,0.4122274635263044,0.5,1.000625,0.564365865252901,1.2246461380936533,1.2619366984759137,101
7148.57373046875,0.41270700075300676,0.5,1.0012500000000002,0.5645420919130127,1.2253504830796627,1.2627599825646372,101
7157.619140625,0.41322921738487217,0.5,1.001875,0.5647182635796237,1.2261178324466702,1.2636558406448064,101
7165.92578125,0.41370878280140627,0.5,1.0037500000000001,0.5652464491325708,1.226823938622718,1.2644778934906804,101
7174.9716796875,0.4142310276231033,0.5,1.005625,0.5657741415914787,1.2275948062753326,1.265372416921834,101
7183.27880859375,0.41471062122946906,0.5,1.0068750000000002,0.5661256633039208,1.2283032884542793,1.2661932577291968,101
7191.58642578125,0.4151902430256665,0.5,1.0112500000000002,0.567354274156244,1.2290150040638435,1.2670135502977669,101
7200.63037109375,0.4157123750880368,0.5,1.0150000000000001,0.5684052554969452,1.2306882032564623,1.2732027688440568,103
7209.6767578125,0.41623464809956556,0.5,1.0150000000000001,0.5684052554969452,1.2314512349758338,1.2742135804615147,103
7219.62841796875,0.41680918505902836,0.5,1.0181250000000002,0.5692795911244948,1.2322917609259767,1.2749390215639191,103
7229.62841796875,0.4173865128118275,0.5,1.01875,0.5694542971562659,1.2331359887183444,1.2749835488063976,103
7239.62841796875,0.41796384056462654,0.5,1.0200000000000002,0.5698035485213009,1.2339803722184008,1.2750408588196986,103
7249.62841796875,0.4185411683174256,0.5,1.02125,0.570152585949758,1.2348254013708126,1.2756735569534352,103
7257.93701171875,0.4190208464932864,0.5,1.0225000000000002,0.5705014098343019,1.2355267945142505,1.276482004145743,103
7267.0771484375,0.41954853195249764,0.5,1.024375,0.5710242461222821,1.2362981561460145,1.2773717811796843,103
7276.125,0.42007088953352145,0.5,1.0256250000000002,0.5713725378570889,1.2366910675634701,1.2784489108260382,102
7285.1728515625,0.4205932471145452,0.5,1.0268750000000002,0.5717206174128935,1.2374639715809068,1.2794196295510758,102
7293.48291015625,0.42107300985990104,0.5,1.028125,0.572068485177002,1.2381751654564832,1.2803103869267356,102
7301.79296875,0.42155277260525686,0.5,1.0293750000000002,0.5724161415355437,1.2388870706915358,1.2810403174426799,102
7310.1025390625,0.42203250716078106,0.5,1.0293750000000002,0.5724161415355437,1.2395986251188171,1.2814143249340402,102
7318.412109375,0.4225122417163052,0.5,1.031875,0.5731108215745878,1.240310013916458,1.2817927165470504,102
7327.46142578125,0.423034683866824,0.5,1.034375,0.5738046605957104,1.2410872684349876,1.2822094639809103,102
7335.77001953125,0.42351436204268483,0.5,1.0362500000000001,0.5743244897772976,1.2418812360795954,1.2825215696311003,103
7344.90966796875,0.42404201931206437,0.5,1.0393750000000002,0.5751898277545227,1.2426602571883651,1.2829782084070291,103
7353.21728515625,0.4245216411082618,0.5,1.0393750000000002,0.5751898277545227,1.2433685795232725,1.2833965357216839,103
7361.5263671875,0.4250013474739543,0.5,1.0406250000000001,0.5755355986470404,1.2440769787101855,1.2838420399060015,103
7369.83544921875,0.42548105383964674,0.5,1.0406250000000001,0.5755355986470404,1.2447852515423132,1.2846923196642865,103
7378.88525390625,0.42600352417999726,0.5,1.04375,0.5763991184104392,1.2455568138186524,1.2856790641529359,103
7387.1943359375,0.42648323054568976,0.5,1.0450000000000002,0.5767441643068972,1.2462669057041293,1.28658381676691,103
7395.50341796875,0.4269629369113822,0.5,1.046875,0.5772613464442737,1.2469778741124051,1.2875519910439934,103
7403.8134765625,0.42744269965673803,0.5,1.046875,0.5772613464442737,1.2476889942543368,1.288590756138239,103
7412.123046875,0.4279224342122622,0.5,1.0481250000000002,0.5776058772696012,1.2484013915630998,1.2896327650429824,103
7420.43359375,0.42840222514744974,0.5,1.0493750000000002,0.5779502027113715,1.2491147319476295,1.2906950821221974,103
7428.74365234375,0.42888198789280557,0.5,1.0493750000000002,0.5779502027113715,1.2498277649985055,1.2917576163574584,103
7437.0546875,0.4293618070178248,0.5,1.0518750000000001,0.5786382389106123,1.2505405821986664,1.2928203777813232,103
7445.365234375,0.4298415979530123,0.5,1.055625,0.5796687619690783,1.2522103027024183,1.2975310592704998,105
7453.6767578125,0.43032144526786315,0.5,1.0562500000000001,0.5798403377496506,1.2529116841950805,1.2983471113259726,105
7461.98828125,0.43080129258271405,0.5,1.0575,0.5801833370921288,1.2536139818779928,1.2991622079791112,105
7471.130859375,0.43132911899108367,0.5,1.059375,0.5806974562334101,1.254387191272945,1.3000577076908648,105
7480.18505859375,0.4318518430399193,0.5,1.0618750000000001,0.5813822412074631,1.2551545890588183,1.3006259090362022,105
7489.2392578125,0.4323745670887549,0.5,1.063125,0.5817243314054712,1.255922410894167,1.3013911024347158,105
7499.19873046875,0.4329495550855246,0.5,1.065625,0.5824079089990124,1.2567675095118733,1.3022770558142958,105
7509.19873046875,0.43352688283832364,0.5,1.0668750000000002,0.5827493971016459,1.2576156804556216,1.3032454314269948,105
7518.25341796875,0.43404963507699096,0.5,1.06875,0.5832612543782815,1.2583861487425305,1.3041207232851113,105
7527.30859375,0.4345724155054899,0.5,1.0693750000000002,0.5834317736786292,1.2591571397734316,1.3049946061443989,105
7536.36376953125,0.4350951959339889,0.5,1.0706250000000002,0.5837726628538895,1.2599275523889768,1.3058670418404386,105
7545.4189453125,0.43561797636248784,0.5,1.07125,0.5839430328160323,1.26069759341604,1.306822929056003,105
7555.3798828125,0.43619304892875255,0.5,1.0725000000000002,0.5842836237069422,1.2611749450813217,1.3080602169673954,104
7565.3798828125,0.43677037668155166,0.5,1.074375,0.584794138110763,1.2620342248913814,1.3093753054946862,104
7575.3798828125,0.4373477044343507,0.5,1.0775000000000001,0.5856440065116645,1.2628942788721471,1.3106573861212005,104
7585.3798828125,0.4379250321871498,0.5,1.08,0.586323014283504,1.263862789126628,1.3119346037425241,105
7595.3798828125,0.4385023599399489,0.5,1.0825000000000002,0.5870012366204637,1.2647155827835437,1.31328851942247,105
7605.3798828125,0.43907968769274797,0.5,1.0850000000000002,0.5876786762418839,1.265570743433572,1.3146035520786115,105
7615.3798828125,0.43965701544554703,0.5,1.0875000000000001,0.5883553358514498,1.2664283825278042,1.3159241300162896,105
7625.3798828125,0.44023434319834615,0.5,1.0875000000000001,0.5883553358514498,1.2672869521439358,1.3172004017958323,105
7635.3798828125,0.4408116709511452,0.5,1.0881250000000002,0.5885243791923469,1.2681440565703401,1.318476017028004,105
7645.3798828125,0.4413889987039443,0.5,1.08875,0.5886933739924394,1.2690009798335167,1.3197509690219738,105
7655.3798828125,0.4419663264567434,0.5,1.09,0.5890312181373173,1.269858124992846,1.3209553724879057,105
7664.43896484375,0.44248933240389576,0.5,1.0912500000000003,0.589368868619697,1.270634257653621,1.3218331585921024,105
7673.49853515625,0.4430123665408799,0.5,1.09375,0.5900435899266435,1.2714118873877334,1.3228651506563274,105
7683.4638671875,0.4435876928156297,0.5,1.095625,0.5905491250100331,1.2722668683778435,1.3240056357636005,105
7692.5234375,0.4441107269526138,0.5,1.0975000000000001,0.5910542277039479,1.2730445211129446,1.3251646565673794,105
7701.5830078125,0.4446337610895979,0.5,1.1,0.5917270272703198,1.2748207813023764,1.3268963812773005,107
7710.64453125,0.4451569079859087,0.5,1.10125,0.592063140348983,1.275581098309496,1.3276053848945941,107
7719.705078125,0.44567999850255613,0.5,1.1037500000000002,0.5927347947230355,1.2763512664340435,1.3284221462046508,107
7728.76513671875,0.4462030608293719,0.5,1.105625,0.593238036467617,1.2771217290552086,1.3293749047999526,107
7738.7314453125,0.4467784434837851,0.5,1.1068750000000003,0.593573293932336,1.2779663025128118,1.330255779474579,107
7748.7314453125,0.44735577123658415,0.5,1.1087500000000001,0.5940758253845025,1.2788138076473683,1.3312120605138325,107
7757.79248046875,0.4478788899430633,0.5,1.11,0.5944106103225343,1.2795826198497802,1.3323148661737978,107
7766.85400390625,0.44840203683937413,0.5,1.1125,0.5950796151604146,1.2803526344130054,1.3335180079999147,107
7775.91650390625,0.4489252401153483,0.5,1.1143750000000001,0.595580875629886,1.2811246863647665,1.3347218170183317,107
7784.97607421875,0.44944827425233236,0.5,1.1175000000000002,0.5964153735530181,1.2818967492424536,1.3356801547327284,107
7794.03759765625,0.4499714211486432,0.5,1.1175000000000002,0.5964153735530181,1.2826691693651477,1.336606686646936,107
7804.00537109375,0.4505468883725514,0.5,1.1187500000000001,0.5967488459713315,1.283519293480374,1.3378073155040167,107
7813.06689453125,0.4510700352688622,0.5,1.12,0.5970821321441847,1.284292331474565,1.3390282060863479,107
7822.12841796875,0.451593182165173,0.5,1.12,0.5970821321441847,1.2850643446149599,1.340249167322833,107
7831.189453125,0.45211630087165217,0.5,1.1206250000000002,0.5972487054860065,1.2858361373009197,1.3417667680917387,107
7840.25146484375,0.45263947595779463,0.5,1.121875,0.5975817128748504,1.286608740809619,1.3433022666454795,107
7849.31298828125,0.45316262285410547,0.5,1.1262500000000002,0.5987457802060022,1.2873818408898159,1.3447905804637919,107
7858.375,0.45368579794024794,0.5,1.1275000000000002,0.5990779554216831,1.2881548214499297,1.3458283886653202,107
7868.34326171875,0.45426129335398785,0.5,1.1300000000000001,0.5997417539138687,1.2890065735654606,1.346968886041373,107
7878.34326171875,0.4548386211067869,0.5,1.1325,0.6004048185209234,1.289627820435425,1.34811185188654,107
7888.34326171875,0.455415948859586,0.5,1.13375,0.6007360763770332,1.2904836619524493,1.3492536451064963,107
7897.4033203125,0.4559390111864018,0.5,1.136875,0.6015634229698453,1.2912608872650004,1.3502870973813956,107
7906.46630859375,0.45646224265220764,0.5,1.136875,0.6015634229698453,1.2920385816482103,1.3513199085503484,107
7915.52880859375,0.4569854459281818,0.5,1.139375,0.6022244818758671,1.292815183948519,1.3523516829795366,107
7925.49755859375,0.45756096953175335,0.5,1.140625,0.602554739362646,1.2936724324792688,1.3534854949579074,107
7935.49755859375,0.45813829728455246,0.5,1.1418750000000002,0.6028848159359431,1.2945337676123547,1.3546216541484755,107
7944.56103515625,0.45866155694018995,0.5,1.1425,0.6030497864728757,1.2953154492158625,1.3556503587439361,107
7954.5302734375,0.45923710873359325,0.5,1.1443750000000001,0.6035444275292213,1.296174429577148,1.3567807068099347,107
7963.59423828125,0.4597603965790624,0.5,1.14625,0.6040386635292232,1.296952823050597,1.3579015176757483,107
7973.56396484375,0.4603359765622974,0.5,1.14625,0.6040386635292232,1.2978088354393644,1.3592285024167852,107
7983.56396484375,0.4609133043150965,0.5,1.149375,0.6048614927671412,1.298667325892943,1.3607010109993518,107
7993.56396484375,0.46149063206789553,0.5,1.1518750000000002,0.6055189511055405,1.2995282632081844,1.3622083336506574,107
8003.56396484375,0.46206795982069465,0.5,1.1537500000000003,0.6060115767743621,1.3013395026606926,1.3638628690744998,109
8013.56396484375,0.4626452875734937,0.5,1.1556250000000001,0.606503802313838,1.3021857831031198,1.3656365988273667,109
8023.56396484375,0.4632226153262928,0.5,1.1587500000000002,0.6073232916787134,1.3030353682952804,1.3672622810111237,109
8033.56396484375,0.4637999430790919,0.5,1.1606250000000002,0.6078144549548506,1.3038886595260495,1.3686487021036486,109
8043.56396484375,0.46437727083189095,0.5,1.161875,0.6081416767578027,1.304742232909148,1.3700358347624042,109
8053.56396484375,0.46495459858469,0.5,1.16375,0.6086321796014292,1.305596814942919,1.3714996079363595,109
8063.56396484375,0.46553192633748913,0.5,1.1662500000000002,0.6092855691396654,1.306451808369759,1.372996000989532,109
8073.56396484375,0.4661092540902882,0.5,1.166875,0.6094488070713657,1.3073058533715223,1.3744930088660237,109
8083.56396484375,0.46668658184308726,0.5,1.16875,0.6099382587420675,1.3081579375374321,1.3759906107146875,109
8093.56396484375,0.4672639095958864,0.5,1.1712500000000001,0.6105902506532224,1.309006997130701,1.3774887857746494,109
8103.56396484375,0.46784123734868543,0.5,1.1731250000000002,0.6110787880702123,1.3098569672500213,1.3789875133729477,109
8113.56396484375,0.4684185651014845,0.5,1.1743750000000002,0.611404262813966,1.310710324229237,1.3804867729221615,109
8123.56396484375,0.4689958928542836,0.5,1.175,0.6115669352294596,1.3115650073678724,1.3819865439180392,109
8133.56396484375,0.4695732206070827,0.5,1.1768750000000001,0.61205469306472,1.3124192866028206,1.383442353431149,109
8143.56396484375,0.4701505483598818,0.5,1.179375,0.612704432836917,1.3132722772150183,1.3844970558305243,109
8153.56396484375,0.47072787611268085,0.5,1.1818750000000002,0.6133534843248775,1.314130171381175,1.385551558290131,109
8163.56396484375,0.4713052038654799,0.5,1.1831250000000002,0.6136777526448204,1.3149889372847943,1.3866058626450297,109
8173.56396484375,0.47188253161827903,0.5,1.18625,0.6144876748035892,1.3158489997422538,1.387908295260401,109
8183.56396484375,0.4724598593710781,0.5,1.18625,0.6144876748035892,1.3167107897965278,1.3895463515871582,109
8193.564453125,0.47303721531370885,0.5,1.188125,0.6149731160970505,1.3175715416500051,1.391185952419533,109
8203.564453125,0.4736145430665079,0.5,1.1900000000000002,0.6154581744998688,1.318435874159537,1.3928269195061245,109
8213.564453125,0.474191870819307,0.5,1.190625,0.6156197757037828,1.3193539516685377,1.3944233490755882,110
8223.564453125,0.4747691985721061,0.5,1.193125,0.6162657567584259,1.3199389164606665,1.396211608810253,109
8233.564453125,0.47534652632490515,0.5,1.195,0.6167497985322978,1.3208017962935674,1.3976678165039167,109
8243.564453125,0.47592385407770427,0.5,1.198125,0.6175556917266282,1.3216625770858172,1.3987301586070122,109
8253.564453125,0.47650118183050333,0.5,1.2000000000000002,0.6180387232371034,1.3225256409920578,1.399791671124753,109
8263.564453125,0.47707850958330245,0.5,1.2018750000000002,0.6185213775263904,1.323390627588678,1.4008523452955202,109
8273.564453125,0.4776558373361015,0.5,1.203125,0.6188429379211442,1.3242566648912273,1.4019121724330388,109
8283.564453125,0.47823316508890057,0.5,1.2056250000000002,0.6194855579675225,1.3251298450426063,1.402971143926346,109
8293.564453125,0.4788104928416997,0.5,1.20625,0.6196461088469752,1.326002701024164,1.4040292512397297,109
8303.564453125,0.47938782059449875,0.5,1.2081250000000001,0.6201275120858549,1.3268732319201406,1.4050864859126815,109
8313.564453125,0.4799651483472978,0.5,1.2087500000000002,0.6202878968065209,1.3277450991123187,1.4061642817096187,109
8323.564453125,0.4805424761000969,0.5,1.2131250000000002,0.6214094307915765,1.3294846831966687,1.4076863414340064,111
8333.564453125,0.481119803852896,0.5,1.215,0.6218894690484039,1.3303464433071854,1.4092888339488507,111
8343.564453125,0.48169713160569505,0.5,1.21875,0.6228484356458599,1.331195349720337,1.4108903149899579,111
8353.564453125,0.48227445935849417,0.5,1.2200000000000002,0.6231677632421503,1.3320492376100048,1.4124907273822833,111
8363.564453125,0.48285178711129323,0.5,1.2212500000000002,0.6234869272903437,1.3329054624397219,1.4140900143321926,111
8373.564453125,0.4834291148640923,0.5,1.2212500000000002,0.6234869272903437,1.3337643617964325,1.415688119429324,111
8383.564453125,0.4840064426168914,0.5,1.221875,0.6236464480623771,1.3346220352078333,1.4172849866483637,111
8393.564453125,0.48458377036969047,0.5,1.2275,0.6250803030736155,1.335480771220414,1.4185208622094319,111
8403.564453125,0.48516109812248953,0.5,1.229375,0.6255575243949973,1.3363457534178804,1.4202930045119695,111
8413.564453125,0.48573842587528865,0.5,1.2300000000000002,0.6257165172872318,1.3372121101105907,1.422066042177537,111
8423.564453125,0.4863157536280877,0.5,1.230625,0.6258754697900593,1.338077406710732,1.4238399306604332,111
8433.564453125,0.48689308138088677,0.5,1.2325000000000002,0.6263520852695568,1.338941401832361,1.4256146252444872,111
8443.564453125,0.4874704091336859,0.5,1.2350000000000003,0.6269870089858175,1.3398128729287369,1.4273900810486424,111
8453.564453125,0.48804773688648495,0.5,1.2375,0.6276212903913004,1.3406863538287277,1.429166253032669,111
8463.564453125,0.48862506463928407,0.5,1.2393750000000001,0.6280965810996232,1.3415663568919254,1.4309430960029808,111
8473.564453125,0.48920239239208313,0.5,1.243125,0.6290460851656458,1.3424427879154666,1.4320916352816029,111
8483.564453125,0.4897797201448822,0.5,1.243125,0.6290460851656458,1.3433199530208102,1.4331191827171845,111
8493.564453125,0.4903570478976813,0.5,1.243125,0.6290460851656458,1.3441973992288514,1.43414616704304,111
8503.564453125,0.49093437565048037,0.5,1.2443750000000002,0.6293622681889617,1.3450709568742212,1.4351725790749974,111
8513.564453125,0.49151170340327943,0.5,1.2481250000000002,0.6303098656162252,1.345945765055477,1.436198409695857,111
8523.564453125,0.49208903115607855,0.5,1.2493750000000001,0.6306254150055114,1.3468257631364613,1.4372236498559197,111
8533.564453125,0.4926663589088776,0.5,1.2525000000000002,0.6314135985589777,1.3477090652167272,1.4382482905734948,111
8543.564453125,0.4932436866616767,0.5,1.253125,0.6315711172338889,1.3485868001009869,1.4392723229354019,111
8553.564453125,0.4938210144144758,0.5,1.2537500000000001,0.6317285966322307,1.3494653580410532,1.4402957380974706,111
8563.564453125,0.49439834216727485,0.5,1.25625,0.6323581220466667,1.3503387121156842,1.4413185272850098,111
8573.564453125,0.4949756699200739,0.5,1.2581250000000002,0.6328298551387899,1.3512112870322612,1.442499526348561,111
8583.564453125,0.49555299767287303,0.5,1.2600000000000002,0.6333012368467129,1.3518730478486212,1.4443507863478067,110
8593.564453125,0.4961303254256721,0.5,1.260625,0.633458286132908,1.3527515524492624,1.4461395819415086,110
8603.564453125,0.49670765317847115,0.5,1.2637500000000002,0.6342429492432419,1.3536371010122137,1.4480152974975817,110
8613.564453125,0.49728498093127027,0.5,1.2650000000000001,0.6345565428096185,1.3544830884819465,1.449691700994816,111
8623.564453125,0.49786230868406933,0.5,1.26875,0.6354963950296527,1.3553689143924144,1.4514774557000123,111
8633.564453125,0.4984396364368684,0.5,1.2706250000000001,0.635965800285109,1.3562571085546018,1.4531600206887043,111
8643.564453125,0.4990169641896675,0.5,1.274375,0.6369035729256575,1.357146632410572,1.4546888729669256,111
8653.564453125,0.4995942919424666,0.5,1.2756250000000002,0.6372158571184479,1.3580381607532495,1.456403807570183,111
8663.564453125,0.5001716196952657,0.5,1.27625,0.6373719418377803,1.3589316617644094,1.4581172511842042,111
8673.564453125,0.5007489474480648,0.5,1.2787500000000003,0.6379958988563503,1.359826421358315,1.4598291528154859,111
8683.564453125,0.5013262752008638,0.5,1.2800000000000002,0.6383076486422924,1.3614664170746034,1.4614928347111737,113
8693.564453125,0.5019036029536629,0.5,1.2818750000000003,0.6387749880449662,1.362360345588324,1.4631604399772185,113
8703.564453125,0.5024809307064619,0.5,1.283125,0.6390863577870963,1.3632584539030665,1.4647333986742632,113
8713.564453125,0.5030582584592611,0.5,1.2856250000000002,0.6397086426061758,1.364161046649058,1.46624918871979,113
8723.564453125,0.5036355862120602,0.5,1.2893750000000002,0.64064093648332,1.3650609014909985,1.46725162700801,113
8733.564453125,0.5042129139648592,0.5,1.2912500000000002,0.641106575020737,1.3659593827955703,1.4682536475302606,113
8743.564453125,0.5047902417176583,0.5,1.2943750000000003,0.6418818886128071,1.3668628766235396,1.469255241696885,113
8753.564453125,0.5053675694704574,0.5,1.2975000000000003,0.6426562668514706,1.3677638162268202,1.4702564009815446,113
8761.955078125,0.5058519835380404,0.5,1.2975000000000003,0.6426562668514706,1.368514113851059,1.4710960944824036,113
8771.1845703125,0.506384827736449,0.5,1.2975000000000003,0.6426562668514706,1.3693397673584682,1.4720193713690253,113
8781.1845703125,0.5069621554892481,0.5,1.3,0.6432750982580687,1.3702374448235566,1.4730192857363231,113
8791.1845703125,0.5075394832420471,0.5,1.3025000000000002,0.6438933349199908,1.3711272486787511,1.4740187337226442,113
8801.1845703125,0.5081168109948462,0.5,1.3043750000000003,0.6443566231451199,1.3720172834015825,1.475017707111073,113
8811.1845703125,0.5086941387476454,0.5,1.3062500000000001,0.6448195785082651,1.3729052715964645,1.4760161977512363,113
8821.1845703125,0.5092714665004444,0.5,1.3075,0.6451280308476034,1.3737887707328558,1.4772036785863083,113
8831.1845703125,0.5098487942532435,0.5,1.3100000000000003,0.645744493511765,1.3746678982547198,1.4792852166948578,113
8841.1845703125,0.5104261220060425,0.5,1.3112500000000002,0.6460525042583579,1.3755442219876324,1.481028253435764,113
8851.1845703125,0.5110034497588416,0.5,1.314375,0.6468218894354302,1.3764281155256317,1.482710393902845,113
8861.1845703125,0.5115807775116407,0.5,1.315625,0.6471293873797956,1.3773217430706641,1.484382609901969,113
8871.1845703125,0.5121581052644398,0.5,1.3162500000000001,0.6472830815720542,1.378215995616688,1.4860448819667267,113
8881.1845703125,0.5127354330172389,0.5,1.3193750000000002,0.6480510057732639,1.3791077043643831,1.4873538790145657,113
8891.1845703125,0.513312760770038,0.5,1.3206250000000002,0.6483579207825478,1.380008548860173,1.4883331124113408,113
8901.1845703125,0.513890088522837,0.5,1.323125,0.648971315357565,1.3809081131179903,1.4898253366988747,113
8911.1845703125,0.5144674162756361,0.5,1.323125,0.648971315357565,1.381812353759649,1.4915215719115187,113
8921.1845703125,0.5150447440284351,0.5,1.3250000000000002,0.6494309810853827,1.3827287768596508,1.49321317186589,113
8931.1845703125,0.5156220717812343,0.5,1.3262500000000002,0.6497372442389712,1.3836509920219997,1.4949001125244497,113
8941.1845703125,0.5161993995340334,0.5,1.33,0.6506551687525749,1.384580791996636,1.496582370831977,113
8951.1845703125,0.5167767272868324,0.5,1.3306250000000002,0.6508080303002618,1.3853998120793005,1.498359994411538,112
8961.1845703125,0.5173540550396315,0.5,1.334375,0.6517244466616975,1.3863579137566657,1.4999799056304897,112
8971.1845703125,0.5179313827924306,0.5,1.336875,0.6523346756780258,1.3873222381852297,1.5015845615930699,112
8981.1845703125,0.5185087105452297,0.5,1.3393750000000002,0.6529443343864887,1.388290804063524,1.503042297172554,112
8991.1845703125,0.5190860382980288,0.5,1.3406250000000002,0.6532489503743152,1.3892436349164845,1.504006633228324,112
9001.1845703125,0.5196633660508279,0.5,1.3418750000000002,0.6535534243830983,1.39019408147774,1.5049704908617365,112
9011.1845703125,0.5202406938036269,0.5,1.34375,0.6540098696193114,1.3911351551585653,1.5059338624382788,112
9021.1845703125,0.520818021556426,0.5,1.3443750000000003,0.6541619472564372,1.3920724142574443,1.5068967403906286,112
9031.1845703125,0.521395349309225,0.5,1.345625,0.6544659965162922,1.3929997728774137,1.507859117218712,112
9041.1845703125,0.5219726770620242,0.5,1.3481250000000002,0.6550736716671819,1.394507019145606,1.5088111511722928,114
9051.1845703125,0.5225500048148233,0.5,1.3512500000000003,0.6558324738116033,1.3954195936688627,1.5097707652803838,114
9061.1845703125,0.5231273325676223,0.5,1.3531250000000001,0.6562873339798977,1.3960156026009416,1.5106790699626185,116
9071.1845703125,0.5237046603204214,0.5,1.3550000000000002,0.6567418791116008,1.3968957487645712,1.5121449039211763,116
9081.1845703125,0.5242819880732205,0.5,1.3600000000000003,0.6579524642479542,1.3977823453242875,1.5134946301703112,116
9091.1845703125,0.5248593158260195,0.5,1.3618750000000002,0.658405859820939,1.3986786243569809,1.5148366376290376,116
9101.1845703125,0.5254366435788187,0.5,1.3662500000000002,0.6594625705819884,1.3995732810975825,1.5161709998439512,116
9111.1845703125,0.5260139713316178,0.5,1.3675000000000002,0.6597641770786997,1.40068938006699,1.517844385592746,115
9121.1845703125,0.5265912990844168,0.5,1.3687500000000001,0.6600656457611346,1.4015875434933183,1.5191196668801108,115
9131.1845703125,0.5271686268372159,0.5,1.3725000000000003,0.6609692268080661,1.4024979540195723,1.5200758586479006,115
9141.1845703125,0.5277459545900149,0.5,1.3731250000000002,0.6611197035833357,1.4034107043122244,1.521031567343798,115
9151.1845703125,0.5283232823428141,0.5,1.3731250000000002,0.6611197035833357,1.4043243006275077,1.5219867892470207,115
9161.1845703125,0.5289006100956132,0.5,1.3762500000000002,0.661871574295529,1.405246735416391,1.52294152070456,115
9171.1845703125,0.5294779378484122,0.5,1.3793750000000002,0.6626225918686793,1.406196389797829,1.5238957581304893,115
9181.1845703125,0.5300552656012113,0.5,1.3806250000000002,0.6629227606686137,1.4071438776384886,1.5248494980052518,115
9191.1845703125,0.5306325933540104,0.5,1.3831250000000002,0.663522690891544,1.4081129200354519,1.5258027368749432,115
9201.1845703125,0.5312099211068094,0.5,1.3843750000000001,0.6638224526827073,1.4091051471939746,1.527102247932933,115
9211.1845703125,0.5317872488596086,0.5,1.3881250000000003,0.6647209269752793,1.4101207386803167,1.5286042152680979,115
9221.1845703125,0.5323645766124077,0.5,1.3893750000000002,0.6650201486546136,1.4111403185714337,1.5300998128295802,115
9231.1845703125,0.5329419043652067,0.5,1.3912500000000003,0.6654687289070756,1.4121446831288713,1.5315890686530087,115
9241.1845703125,0.5335192321180058,0.5,1.39375,0.6660663659641269,1.4131194895580692,1.533072011290988,115
9251.1845703125,0.5340965598708048,0.5,1.3962500000000002,0.6666634672637446,1.4140753026637192,1.5345486697977904,115
9261.1845703125,0.5346738876236039,0.5,1.3987500000000002,0.6672600342442048,1.4150258918889753,1.5360190737143407,115
9271.1845703125,0.5352512153764031,0.5,1.4000000000000001,0.6675581178124546,1.4159626446644809,1.5374832530534548,115
9281.1845703125,0.5358285431292021,0.5,1.4025,0.6681538859969061,1.4168946662780886,1.538918499278455,115
9291.1845703125,0.5364058708820012,0.5,1.4031250000000002,0.6683027450576807,1.4178129882160726,1.5398990794267677,115
9301.1845703125,0.5369831986348003,0.5,1.4043750000000002,0.6686003637520407,1.4187330656809225,1.5419339492896473,115
9311.1845703125,0.5375605263875993,0.5,1.408125,0.6694924260083532,1.419658989220103,1.5437840595619037,115
9321.1845703125,0.5381378541403985,0.5,1.4106250000000002,0.6700864744180484,1.4205467849934015,1.545394143196376,114
9331.1845703125,0.5387151818931976,0.5,1.4112500000000001,0.6702349042513935,1.4214770106326726,1.5466610857423053,114
9341.1845703125,0.5392925096459966,0.5,1.4125,0.6705316653481805,1.4224051383550071,1.547923103011135,114
9351.1845703125,0.5398698373987957,0.5,1.4137500000000003,0.6708282951637731,1.4233325690837133,1.5491802315137213,114
9361.1845703125,0.5404471651515947,0.5,1.416875,0.6715692964889465,1.4242650485765311,1.5504325078266337,114
9371.1845703125,0.5410244929043938,0.5,1.4175000000000002,0.6717173986622078,1.4252162017367702,1.5516799685849274,114
9381.1845703125,0.541601820657193,0.5,1.418125,0.6718654681886755,1.4261690847239779,1.5528615667074235,114
9391.1845703125,0.542179148409992,0.5,1.4225000000000003,0.6729010425734547,1.4275524904671035,1.5539328347335022,116
9401.1845703125,0.5427564761627911,0.5,1.42375,0.6731966283740376,1.4285009870936143,1.5550223046011546,116
9411.1845703125,0.5433338039155902,0.5,1.4275000000000002,0.6740826080884755,1.4294582670410383,1.5561096295226295,116
9421.1845703125,0.5439111316683892,0.5,1.430625,0.6748200359515755,1.430429282610357,1.5570716644917708,116
9431.1845703125,0.5444884594211883,0.5,1.4318750000000002,0.6751147815589696,1.4314240208135103,1.5580153997612824,116
9441.1845703125,0.5450657871739875,0.5,1.4350000000000003,0.6758510832082314,1.4324880946292622,1.5589587225330472,116
9451.1845703125,0.5456431149267865,0.5,1.4375,0.6764395474757512,1.4336534940003682,1.5599016317530687,116
9461.1845703125,0.5462204426795856,0.5,1.439375,0.6768805599408169,1.4346842000002673,1.5608441263716697,116
9471.1845703125,0.5467977704323846,0.5,1.4418750000000002,0.6774681299819596,1.4357063196569992,1.5617862053420921,116
9481.1845703125,0.5473750981851837,0.5,1.4425000000000001,0.6776149428843184,1.436698084178267,1.5626503033887424,116
9491.1845703125,0.5479524259379828,0.5,1.44625,0.6784951531833572,1.4376908439311633,1.5634849818531245,116
9501.1845703125,0.5485297536907819,0.5,1.449375,0.6792277904264752,1.438146383874113,1.564261447595077,118
9511.1845703125,0.549107081443581,0.5,1.4512500000000002,0.6796669936992867,1.439110439526186,1.565763316209263,118
9521.1845703125,0.5496844091963801,0.5,1.4525000000000001,0.6799596382741817,1.4400543008790856,1.56689805485309,118
9531.1845703125,0.5502617369491791,0.5,1.45625,0.6808368172735264,1.4410040641539437,1.568028074245544,118
9541.1845703125,0.5508390647019782,0.5,1.4581250000000001,0.6812749832422587,1.4419555983259182,1.5691534743670446,118
9551.1845703125,0.5514163924547774,0.5,1.4587500000000002,0.681420975954369,1.4429033009665722,1.5702715720346079,118
9561.1845703125,0.5519937202075764,0.5,1.4612500000000002,0.6820046342848882,1.4438560266814475,1.571275276534307,118
9571.1845703125,0.5525710479603755,0.5,1.4631250000000002,0.6824420504501894,1.4448129548150856,1.5722675641798032,118
9581.1845703125,0.5531483757131745,0.5,1.4675000000000002,0.6834615994880129,1.4457710685472445,1.5732144843106934,118
9591.1845703125,0.5537257034659736,0.5,1.4693750000000003,0.6838980837897615,1.4467228751442958,1.5741614421327061,118
9601.1845703125,0.5543030312187727,0.5,1.4725000000000001,0.6846249392226607,1.4476693601306547,1.5751084394781925,118
9611.1845703125,0.5548803589715718,0.5,1.4725000000000001,0.6846249392226607,1.4486221458226924,1.5760554781264302,118
9621.1845703125,0.5554576867243709,0.5,1.4737500000000001,0.6849154654140622,1.4495767989604276,1.5770025598015416,118
9631.1845703125,0.55603501447717,0.5,1.4768750000000002,0.6856412423109376,1.4505372256901703,1.5779496861704052,118
9641.1845703125,0.556612342229969,0.5,1.4787500000000002,0.6860763399172722,1.4515058400140273,1.5788968588405539,118
9651.1845703125,0.5571896699827681,0.5,1.479375,0.6862213111476103,1.4524854584666633,1.5798440793580832,118
9661.1845703125,0.5577669977355671,0.5,1.4825000000000002,0.6869457083841995,1.4534923944170466,1.5807913492055419,118
9671.1845703125,0.5583443254883663,0.5,1.48625,0.6878139780061604,1.4545765048262982,1.581847499079913,117
9681.1845703125,0.5589216532411654,0.5,1.490625,0.6888255759571599,1.4560693574776138,1.5827841029440104,117
9691.1845703125,0.5594989809939644,0.5,1.4918750000000003,0.6891143311892758,1.4570871836205324,1.5837207501497697,117
9701.1845703125,0.5600763087467635,0.5,1.4943750000000002,0.6896914789715053,1.4584155988448237,1.58450445663786,119
9711.1845703125,0.5606536364995626,0.5,1.4968750000000002,0.6902681441884464,1.4594175764597326,1.5855272510029284,119
9721.1845703125,0.5612309642523617,0.5,1.4987500000000002,0.6907003271448163,1.4604029710549047,1.5874515065220947,119
9731.1845703125,0.5618082920051608,0.5,1.501875,0.6914200317551413,1.4613892423212576,1.5883768398033464,119
9741.1845703125,0.5623856197579599,0.5,1.5056250000000002,0.6922826896474228,1.4629151908960805,1.589477585008631,118
9751.1845703125,0.5629629475107589,0.5,1.5081250000000002,0.6928571982024357,1.4639251894457401,1.5904690941902728,118
9761.1845703125,0.563540275263558,0.5,1.5112500000000002,0.6935746646866895,1.4649365801889256,1.5912617252500731,118
9771.1845703125,0.564117603016357,0.5,1.5125000000000002,0.6938614435555441,1.4659542763897127,1.5920209926053794,118
9781.1845703125,0.5646949307691562,0.5,1.5137500000000002,0.6941481039451979,1.46698007727905,1.592836743217239,118
9791.1845703125,0.5652722585219553,0.5,1.5168750000000002,0.6948642375349573,1.4679950965910895,1.593765634904458,118
9801.1845703125,0.5658495862747543,0.5,1.5181250000000002,0.6951504844008722,1.4690011216205667,1.594694926453416,118
9811.1845703125,0.5664269140275534,0.5,1.5193750000000001,0.6954366134454649,1.4700197722831465,1.5956312171417093,118
9821.1845703125,0.5670042417803525,0.5,1.5212500000000002,0.6958655864152873,1.4710399153139773,1.5966379258987635,118
9831.1845703125,0.5675815695331515,0.5,1.5250000000000001,0.6967227399979714,1.4720606523809918,1.597640201345049,118
9841.1845703125,0.5681588972859507,0.5,1.5250000000000001,0.6967227399979714,1.4730805255396124,1.5986380975684025,118
9851.1845703125,0.5687362250387498,0.5,1.5268750000000002,0.6971509215850434,1.47411058133216,1.5996316682003522,118
9861.1845703125,0.5693135527915488,0.5,1.5293750000000002,0.6977214216163461,1.4751485963801918,1.6006209664191413,118
9871.1845703125,0.5698908805443479,0.5,1.53125,0.6981489907025071,1.4762039065498191,1.6016060449527803,118
9881.1845703125,0.570468208297147,0.5,1.534375,0.6988610245343876,1.47724756541083,1.602586956082127,118
9891.1845703125,0.571045536049946,0.5,1.5356250000000002,0.6991456350224777,1.4783024262689368,1.6035637516439338,118
9901.1845703125,0.5716228638027452,0.5,1.5406250000000001,0.7002829202557368,1.4811177338282542,1.6043551754889944,120
9911.1845703125,0.5722001915555442,0.5,1.5475000000000003,0.7018436783710573,1.4806419730964548,1.6053516184771792,120
9921.1845703125,0.5727775193083433,0.5,1.5493750000000002,0.7022687376681457,1.4816926797062382,1.6068381579224624,120
9931.1845703125,0.5733548470611424,0.5,1.5512500000000002,0.7026935398469274,1.4827172448183508,1.6083618835616267,120
9941.1845703125,0.5739321748139414,0.5,1.5537500000000002,0.7032595435954387,1.4837238961902017,1.6092127496027897,120
9951.1845703125,0.5745095025667406,0.5,1.555625,0.7036837476414098,1.484721438043546,1.6100165758225313,120
9961.1845703125,0.5750868303195397,0.5,1.55875,0.7043901866785083,1.485982169987364,1.6104617348192833,122
9971.1845703125,0.5756641580723387,0.5,1.5631250000000003,0.7053780127286631,1.486961563212036,1.61124512124601,122
9981.1845703125,0.5762414858251378,0.5,1.5631250000000003,0.7053780127286631,1.4879426989483346,1.6122471418394448,122
9991.1845703125,0.5768188135779369,0.5,1.564375,0.7056599947558084,1.4889316695867456,1.6132445679502,122
10001.1845703125,0.5773961413307359,0.5,1.5675000000000001,0.7063644573399004,1.4900641840268791,1.614297196480769,121
10011.1845703125,0.5779734690835351,0.5,1.5693750000000002,0.7067867978603495,1.4910693535965023,1.615304027632314,121
10021.1845703125,0.5785507968363341,0.5,1.5706250000000002,0.7070682180577885,1.4920690079016556,1.616306171945455,121
10031.1845703125,0.5791281245891332,0.5,1.5718750000000001,0.707349526291738,1.4930552868042033,1.6173036842215989,121
10041.1845703125,0.5797054523419323,0.5,1.5725000000000002,0.7074901384641421,1.4940480042053972,1.61829661873376,121
10051.1845703125,0.5802827800947313,0.5,1.5768750000000002,0.7084736422592339,1.495061133304029,1.6192850292300445,121
10061.1845703125,0.5808601078475304,0.5,1.5793750000000002,0.7090350319212193,1.4960940316897084,1.620268968937143,121
10071.1845703125,0.5814374356003296,0.5,1.5837500000000002,0.7100163957568717,1.4980122785665522,1.6210825011537044,123
10081.1845703125,0.5820147633531286,0.5,1.5875000000000001,0.710856486442072,1.4990154823863255,1.6220541045650398,123
10091.1845703125,0.5825920911059277,0.5,1.58875,0.7111362961307048,1.5000086054591462,1.623021883127606,123
10101.1845703125,0.5831694188587268,0.5,1.5912500000000003,0.7116955854787614,1.5010586949216298,1.6239858827898266,123
10111.1845703125,0.5837467466115258,0.5,1.59375,0.712254435651626,1.502122645406452,1.6249461490283206,123
10121.1845703125,0.584324074364325,0.5,1.595625,0.7126732856940907,1.5031884941069502,1.625902726850743,123
10131.1845703125,0.584901402117124,0.5,1.6006250000000002,0.7137890175485541,1.505938856129362,1.626888492220701,125
10141.1845703125,0.5854787298699231,0.5,1.604375,0.7146246732699055,1.5069170182137879,1.6283758240380204,125
10151.1845703125,0.5860560576227222,0.5,1.609375,0.7157373631975895,1.507068569786783,1.6291640347148861,121
10161.1845703125,0.5866333853755212,0.5,1.6131250000000001,0.7165707467865454,1.5083896442324443,1.6298798409371646,123
10171.1845703125,0.5872107131283203,0.5,1.6143750000000001,0.7168483260132209,1.5093666764825449,1.6308949555126342,123
10181.1845703125,0.5877880408811195,0.5,1.6150000000000002,0.7169870753275975,1.5103488765969402,1.6319054945809919,123
10191.1845703125,0.5883653686339185,0.5,1.616875,0.7174031622619297,1.5113269266950717,1.6329115009672106,123
10201.1845703125,0.5889426963867176,0.5,1.6181250000000003,0.7176804195330582,1.5122932814933898,1.6339130170693579,123
10211.1845703125,0.5895200241395167,0.5,1.6212500000000003,0.7183730945514808,1.5132892261870599,1.6349100848597757,123
10221.1845703125,0.5900973518923157,0.5,1.6218750000000002,0.7185115494230664,1.5142974061269607,1.6359027458862634,123
10231.1845703125,0.5906746796451148,0.5,1.6237500000000002,0.7189267540514334,1.5164175151422161,1.6365832066795871,125
10241.1845703125,0.591252007397914,0.5,1.628125,0.7198946335700692,1.5174615768529431,1.6375648230164686,125
10251.1845703125,0.591829335150713,0.5,1.6300000000000001,0.7203090409536582,1.5184040783239623,1.6385579577825875,125
10261.1845703125,0.5924066629035121,0.5,1.6331250000000002,0.7209991906194508,1.5193476139359885,1.6395473208492533,125
10271.1845703125,0.5929839906563111,0.5,1.6343750000000001,0.7212750655829112,1.5202958838251475,1.6405329463670273,125
10281.1845703125,0.5935613184091102,0.5,1.635625,0.7215508350694099,1.5212410694225706,1.6415148680898457,125
10291.1845703125,0.5941386461619094,0.5,1.63875,0.7222397981167245,1.5221615647701119,1.6424931193760766,125
10301.1845703125,0.5947159739147084,0.5,1.6412500000000003,0.7227904957172213,1.5235384790861717,1.6430630431292326,127
10311.1845703125,0.5952933016675075,0.5,1.64375,0.7233407740578475,1.523511046683473,1.6436076814007072,129
10321.1845703125,0.5958706294203066,0.5,1.646875,0.7240280338556859,1.5246173643261676,1.6447673141185568,128
10331.1845703125,0.5964479571731056,0.5,1.6493750000000003,0.724577372351904,1.525566976327116,1.645716325522005,128
10341.1845703125,0.5970252849259047,0.5,1.6500000000000001,0.7247146419131151,1.5265245289505338,1.6466625052334338,128
10351.1845703125,0.5976026126787038,0.5,1.654375,0.7256748017916211,1.5275070417282952,1.6474659490095067,128
10361.1845703125,0.5981799404315029,0.5,1.6587500000000004,0.7266336929343168,1.5303119485213852,1.6500697452811393,130
10371.1845703125,0.598757268184302,0.5,1.6618750000000002,0.727317841182029,1.5312954733375315,1.6509740506376234,130
10381.1845703125,0.599334595937101,0.5,1.6650000000000003,0.7280013464932682,1.5312449843626417,1.6520887031945928,128
10391.1845703125,0.5999119236899001,0.5,1.6687500000000002,0.7288207067373984,1.5322299957290606,1.6530451053426483,128
10401.1845703125,0.6004892514426992,0.5,1.673125,0.7297754643184812,1.5334333814605425,1.6543285606149376,126
10411.1845703125,0.6010665791954983,0.5,1.6743750000000004,0.7300480228580752,1.535122293852804,1.6549457509762486,128
10421.1845703125,0.6016439069482974,0.5,1.67625,0.7304566699781576,1.5361606524563252,1.6558900373735554,128
10431.1845703125,0.6022212347010965,0.5,1.6800000000000002,0.7312732791431452,1.5382638246990765,1.6563280629427015,130
10441.1845703125,0.6027985624538955,0.5,1.6831250000000002,0.7319530908351249,1.539222127916319,1.6572086023761414,130
10451.1845703125,0.6033758902066946,0.5,1.6862500000000002,0.7326322717280594,1.5401635473884763,1.6580858206123754,130
10461.1845703125,0.6039532179594936,0.5,1.68875,0.733175163445187,1.5411225422543653,1.6589597358027217,130
10471.1845703125,0.6045305457122928,0.5,1.690625,0.7335820685713843,1.542066617286807,1.659830365982784,130
10481.1845703125,0.6051078734650919,0.5,1.6912500000000001,0.7337176534664652,1.5429975864209748,1.6606977290706535,130
10491.1845703125,0.6056852012178909,0.5,1.6956250000000002,0.7346660470992178,1.544845609878252,1.6607343505717809,132
10501.1845703125,0.60626252897069,0.5,1.698125,0.735207437037908,1.5458228183704927,1.661543209455246,132
10511.1845703125,0.6068398567234891,0.5,1.70125,0.7358836143509202,1.5477324799178194,1.6628149316632177,131
10521.1845703125,0.6074171844762882,0.5,1.704375,0.7365591709187377,1.5487242693481555,1.6634274152386181,131
10531.1845703125,0.6079945122290873,0.5,1.7056250000000004,0.7368292201197155,1.5496545388581808,1.663978547790467,131
10541.1845703125,0.6085718399818864,0.5,1.70625,0.7369642076119388,1.550576819317044,1.664590254619163,131
10551.1845703125,0.6091491677346854,0.5,1.7087500000000002,0.7375039105093291,1.5515149940054316,1.6652537991438188,131
10561.1845703125,0.6097264954874845,0.5,1.710625,0.7379084286367429,1.5524557377083974,1.6659169019463003,131
10571.1845703125,0.6103038232402835,0.5,1.7143750000000002,0.7387168003547342,1.5545072536476727,1.6657451576398508,133
10581.1845703125,0.6108811509930827,0.5,1.7162500000000003,0.7391206546721116,1.555431629290642,1.6664346899885554,133
10591.1845703125,0.6114584787458818,0.5,1.7193750000000003,0.7397932552796458,1.5563539893576182,1.66712374011643,133
10601.1845703125,0.6120358064986808,0.5,1.720625,0.7400621243618571,1.5572710520650674,1.6678123060003396,133
10611.1845703125,0.6126131342514799,0.5,1.723125,0.7405995696936667,1.5598487588350547,1.675053334485972,135
10621.1845703125,0.613190462004279,0.5,1.7268750000000002,0.7414050072016196,1.5610437096725922,1.6760130206816093,134
10631.1845703125,0.613767789757078,0.5,1.7306250000000003,0.7422095706583303,1.5622380525562605,1.6766055229567096,134
10641.1845703125,0.6143451175098772,0.5,1.7350000000000003,0.743147127108002,1.5635711379408863,1.6779894346135795,132
10651.1845703125,0.6149224452626763,0.5,1.735625,0.7432809672040188,1.5645205122435621,1.6786004180918346,132
10661.1845703125,0.6154997730154753,0.5,1.73875,0.743949806507177,1.566379512445567,1.6783805340741225,134
10671.1845703125,0.6160771007682744,0.5,1.7412500000000002,0.7444844453160359,1.5673657102323837,1.6789713766298073,134
10681.1845703125,0.6166544285210734,0.5,1.7443750000000002,0.7451522043930688,1.5683370782919066,1.6795618071164868,134
10691.1845703125,0.6172317562738726,0.5,1.75,0.7463526651802308,1.5681376092374506,1.6792640618529777,136
10701.1845703125,0.6178090840266717,0.5,1.75125,0.7466191721214795,1.5690327447764807,1.6798346793079362,136
10711.1845703125,0.6183864117794707,0.5,1.753125,0.7470187542598633,1.5699607415780272,1.68040495605177,136
10721.1845703125,0.6189637395322698,0.5,1.7556250000000002,0.7475511982007772,1.57246498951845,1.6801666274938059,138
10731.1845703125,0.6195410672850689,0.5,1.7612500000000002,0.7487478127121318,1.5736543053191925,1.6817485200351874,138
10741.1845703125,0.6201183950378679,0.5,1.76375,0.7492790279706625,1.5745431511132866,1.683322158030877,138
10751.1845703125,0.6206957227906671,0.5,1.766875,0.749942517897862,1.5753983503829594,1.684887601852142,138
10761.1845703125,0.6212730505434662,0.5,1.76875,0.7503403302419375,1.5762601853732818,1.6867851834335839,138
10771.1845703125,0.6218503782962652,0.5,1.7712500000000002,0.7508704188493773,1.5771345497072635,1.6891865223181526,138
10781.1845703125,0.6224277060490643,0.5,1.773125,0.7512677398502041,1.5779975384347236,1.6915684578046652,138
10791.1845703125,0.6230050338018633,0.5,1.7750000000000001,0.7516648508319572,1.578857811879921,1.6930350164136743,138
10801.1845703125,0.6235823615546624,0.5,1.77625,0.7519294749735231,1.5797394950029067,1.693640315501179,138
10811.1845703125,0.6241596893074616,0.5,1.7775000000000003,0.7521940060195162,1.580636229858278,1.6941435243338043,138
10821.1845703125,0.6247370170602606,0.5,1.7806250000000003,0.7528549269852807,1.5815315139947876,1.695210770052007,138
10831.1845703125,0.6253143448130597,0.5,1.7837500000000004,0.7535152682463288,1.5824392377575849,1.6960533327729181,138
10841.1845703125,0.6258916725658588,0.5,1.785625,0.7539111953784287,1.585066185465513,1.704115511934687,140
10851.1845703125,0.6264690003186578,0.5,1.78875,0.7545706122764494,1.585952193800617,1.7036597467644345,140
10861.1845703125,0.627046328071457,0.5,1.791875,0.7552294534150399,1.5871893423405339,1.70346430034271,138
10871.1845703125,0.627623655824256,0.5,1.7931250000000003,0.7554928289952921,1.5880636116626863,1.7039292087750004,138
10881.1845703125,0.6282009835770551,0.5,1.7962500000000003,0.7561508665984812,1.5889621413092339,1.7050120038455505,138
10891.1845703125,0.6287783113298542,0.5,1.7975000000000003,0.7564139213521681,1.5898642313724298,1.7060911941005297,138
10901.1845703125,0.6293556390826532,0.5,1.8037500000000002,0.7577278252802998,1.591043406242037,1.7066313049558977,138
10911.1845703125,0.6299329668354523,0.5,1.8056250000000003,0.758121552417953,1.5919050913408423,1.7089047430101791,138
10921.1845703125,0.6305102945882515,0.5,1.8087500000000003,0.758777310305818,1.5933759228944182,1.710860261332812,140
10931.1845703125,0.6310876223410505,0.5,1.8100000000000003,0.7590394548326597,1.5945083441868784,1.7122197328685296,139
10941.1845703125,0.6316649500938496,0.5,1.8131250000000003,0.7596944204000616,1.595325922525099,1.7128397416168621,139
10951.1845703125,0.6322422778466487,0.5,1.8131250000000003,0.7596944204000616,1.596148420364951,1.7136553863919564,139
10961.1845703125,0.6328196055994477,0.5,1.8162500000000001,0.7603488217793921,1.5969717588221854,1.714777403134743,139
10971.1845703125,0.6333969333522468,0.5,1.8193750000000002,0.7610026604261211,1.597817254228499,1.7158947049212039,139
10981.1845703125,0.633974261105046,0.5,1.82,0.7611333607551959,1.5986599852619081,1.7170073200041247,139
10991.1845703125,0.634551588857845,0.5,1.8243750000000003,0.7620476353920096,1.6013597834834346,1.7272184699061115,141
11001.1845703125,0.6351289166106441,0.5,1.82625,0.7624391317627577,1.6022168385365771,1.7276355730140527,141
11011.1845703125,0.6357062443634431,0.5,1.829375,0.7630911793733905,1.602152511873236,1.727307179034538,143
11021.1845703125,0.6362835721162422,0.5,1.8325,0.76374267029661,1.6029497265359471,1.7277578786274983,143
11031.1845703125,0.6368608998690413,0.5,1.8331250000000001,0.7638729018041296,1.6037305627822538,1.7280510156343813,143
11041.1845703125,0.6374382276218404,0.5,1.8368750000000003,0.7646538250632442,1.6045058830813692,1.728011130422906,143
11051.1845703125,0.6380155553746395,0.5,1.8425000000000002,0.7658237168524061,1.6069292233130108,1.728321127493062,141
11061.1845703125,0.6385928831274386,0.5,1.846875,0.76673239858877,1.6067901251903105,1.7281593392241645,141
11071.1845703125,0.6391702108802376,0.5,1.85,0.7673807981960539,1.6076009391667934,1.7280021593215427,141
11081.1845703125,0.6397475386330367,0.5,1.8506250000000002,0.7675104123846644,1.60841290435279,1.7281884385459234,141
11091.1845703125,0.6403248663858359,0.5,1.8518750000000002,0.7677695751178262,1.6092199543532026,1.7291339923399023,141
11101.1845703125,0.6409021941386349,0.5,1.8525000000000003,0.7678991236845322,1.6100108557187576,1.7300760314109926,141
11111.1845703125,0.641479521891434,0.5,1.8537500000000002,0.7681581552735102,1.6107972938956352,1.73101457451027,141
11121.1845703125,0.642056849644233,0.5,1.8562500000000002,0.7686759565829163,1.6115785719776574,1.732408379595011,141
11131.1845703125,0.6426341773970321,0.5,1.859375,0.769322718124836,1.6123630662232038,1.7328812470425097,141
11141.1845703125,0.6432115051498312,0.5,1.8618750000000004,0.7698397361389222,1.61315507699487,1.7338094132275754,141
11151.1845703125,0.6437888329026303,0.5,1.8618750000000004,0.7698397361389222,1.6139475042776426,1.7342383630921272,141
11161.1845703125,0.6443661606554294,0.5,1.8625,0.7699689363976382,1.6147383864687512,1.7343863747205097,141
11171.1845703125,0.6449434884082285,0.5,1.8650000000000002,0.7704855207807411,1.615955258853778,1.7345092408675054,143
11181.1845703125,0.6455208161610275,0.5,1.87,0.7715176518808163,1.6186790220581226,1.7401680074212407,145
11191.1845703125,0.6460981439138266,0.5,1.8743750000000003,0.7724196352474106,1.619462786257541,1.740793746707109,145
11201.1845703125,0.6466754716666256,0.5,1.875,0.7725484040463791,1.6202413738216384,1.7414178030038692,145
11211.1845703125,0.6472527994194248,0.5,1.878125,0.7731919263604166,1.6210266730747303,1.742040170617885,145
11221.1845703125,0.6478301271722239,0.5,1.8800000000000001,0.773577782789505,1.6218254739898665,1.742660843815248,145
11231.1845703125,0.6484074549250229,0.5,1.8837500000000003,0.774348918833568,1.6226276095261796,1.7432798168226435,145
11241.1845703125,0.648984782677822,0.5,1.885625,0.7747341990226779,1.623418472056601,1.7438970838282317,145
11251.1845703125,0.6495621104306211,0.5,1.8893750000000002,0.7755041851650445,1.6247415536324172,1.7446467741299148,142
11261.1845703125,0.6501394381834202,0.5,1.8912500000000003,0.7758888916881683,1.6255245014232396,1.7452091583131242,142
11271.1845703125,0.6507167659362193,0.5,1.8943750000000001,0.7765296456925638,1.6262997524370661,1.745770098543041,142
11281.1845703125,0.6512940936890184,0.5,1.8975000000000002,0.7771698714140576,1.626270741742451,1.7464329960039633,144
11291.1845703125,0.6518714214418174,0.5,1.898125,0.7772978532792997,1.627018448270479,1.7472610267753557,144
11301.1845703125,0.6524487491946165,0.5,1.8987500000000002,0.7774258140758336,1.627762355911224,1.7480861581169802,144
11311.1845703125,0.6530260769474155,0.5,1.9031250000000002,0.7783209506004105,1.6284952362834682,1.7489084019131014,144
11321.1845703125,0.6536034047002147,0.5,1.9037500000000003,0.7784487432210239,1.6292234703756654,1.7497277699436167,144
11331.1845703125,0.6541807324530138,0.5,1.9050000000000002,0.7787042655463763,1.6299495875859291,1.7505178292244978,144
11341.1845703125,0.6547580602058128,0.5,1.9075,0.7792150588223901,1.630670152700824,1.7509008384578109,144
11351.1845703125,0.6553353879586119,0.5,1.910625,0.7798530799387183,1.632677643249383,1.7513560751456312,143
11361.1845703125,0.655912715711411,0.5,1.9131250000000002,0.7803631212489252,1.6334200919228548,1.7517554646382132,143
11371.1845703125,0.65649004346421,0.5,1.9150000000000003,0.7807454335709939,1.6358727262484074,1.7521864124232713,141
11381.1845703125,0.6570673712170092,0.5,1.916875,0.7811275587754882,1.6366090665402793,1.7527259071580903,141
11391.1845703125,0.6576446989698083,0.5,1.9200000000000004,0.781764019044672,1.6373390513508732,1.7534474529494424,141
11401.1845703125,0.6582220267226073,0.5,1.921875,0.7821456466090396,1.6380776000687667,1.7542370437822412,141
11411.1845703125,0.6587993544754064,0.5,1.9225000000000003,0.7822728144249534,1.6375108936420242,1.7548637927711395,143
11421.1845703125,0.6593766822282054,0.5,1.9275000000000002,0.7832894137030428,1.6384469491536349,1.7553895324890683,145
11431.1845703125,0.6599540099810046,0.5,1.9318750000000002,0.7841778569758973,1.64114789824772,1.7586875232262766,145
11441.1845703125,0.6605313377338037,0.5,1.9343750000000002,0.7846850872080915,1.6418677371594683,1.759400464340195,145
11451.1845703125,0.6611086654866027,0.5,1.9350000000000003,0.7848118435431738,1.6425809870946473,1.76011096286001,145
11461.1845703125,0.6616859932394018,0.5,1.9375,0.7853186642892772,1.6432884854584557,1.760819023753958,145
11471.1845703125,0.6622633209922009,0.5,1.939375,0.7856985653020432,1.6439834393459816,1.7615246519483647,145
11481.1845703125,0.6628406487449999,0.5,1.9412500000000001,0.7860782827138044,1.64467862445651,1.7620893967540545,145
11491.1845703125,0.6634179764977991,0.5,1.9431250000000002,0.7864578167904992,1.645377795363845,1.762303819040512,145
11501.1845703125,0.6639953042505982,0.5,1.94375,0.7865842874541439,1.6460771815232988,1.7625177069384776,145
11511.1845703125,0.6645726320033972,0.5,1.9450000000000003,0.786837167797425,1.6467736163718019,1.7627310490248855,145
11521.1845703125,0.6651499597561963,0.5,1.9450000000000003,0.786837167797425,1.647465871060081,1.7630339072028187,145
11531.1845703125,0.6657272875089953,0.5,1.9481250000000003,0.7874690133724611,1.6474174989963861,1.7634714157428049,147
11541.1845703125,0.6663046152617944,0.5,1.9512500000000004,0.7881003523766004,1.6480951201436556,1.7640026934245339,147
11551.1845703125,0.6668819430145936,0.5,1.953125,0.7884789131313,1.6487746333187192,1.764529045988795,147
11561.1845703125,0.6674592707673926,0.5,1.9543750000000004,0.788731186026295,1.6494444436275095,1.7650505281542044,147
11571.1845703125,0.6680365985201917,0.5,1.9581250000000001,0.7894875210436421,1.6501122285279493,1.7654388768460596,147
11581.1845703125,0.6686139262729908,0.5,1.959375,0.7897394717508838,1.650777908786163,1.7658070265038492,147
11591.1845703125,0.6691912540257898,0.5,1.9606250000000003,0.7899913421038833,1.6514490214268898,1.766172808028456,147
11601.1845703125,0.6697685817785889,0.5,1.9631250000000002,0.7904948420543642,1.652474850656136,1.766539266050923,146
11611.1845703125,0.6703459095313881,0.5,1.9668750000000004,0.7912494912401167,1.6531632036176225,1.7669015590769441,146
11621.1845703125,0.6709232372841871,0.5,1.9693750000000003,0.791752191094665,1.6538475985566652,1.7672616994264287,146
11631.1845703125,0.6715005650369862,0.5,1.9712500000000004,0.7921290066269493,1.6545256145808351,1.7676197004673326,146
11641.1845703125,0.6720778927897852,0.5,1.9725000000000001,0.7923801174294615,1.6551931116985672,1.7679755752580288,146
11651.1845703125,0.6726552205425843,0.5,1.975,0.7928821004493585,1.6558621337107766,1.7683293365544068,146
11661.1845703125,0.6732325482953835,0.5,1.9775000000000003,0.7933837658588977,1.6565139332999694,1.7695005162210748,146
11671.1845703125,0.6738098760481825,0.5,1.9800000000000002,0.7938851142601842,1.6589013672000001,1.771005217810206,144
11681.1845703125,0.6743872038009816,0.5,1.9818750000000003,0.7942609178856154,1.6595627768310794,1.7723937298363044,144
11691.1845703125,0.6749645315537807,0.5,1.9837500000000003,0.7946365437840717,1.6602206877614047,1.7737671499724148,144
11701.1845703125,0.6755418593065797,0.5,1.9850000000000003,0.7948868624369286,1.6608763263964075,1.7751256662803847,144
11711.1845703125,0.6761191870593788,0.5,1.98625,0.7951371022864888,1.6615293447536579,1.7764694641198897,144
11721.1845703125,0.676696514812178,0.5,1.9881250000000001,0.795512314467318,1.6621776131192831,1.7766703420094971,144
11731.1845703125,0.677273842564977,0.5,1.990625,0.7960123222567653,1.6628225984141802,1.7766875272034512,144
11741.1845703125,0.6778511703177761,0.5,1.9925000000000002,0.7963871220839793,1.6634616149183605,1.77670481023545,144
11751.1845703125,0.6784284980705751,0.5,1.9950000000000003,0.796886580974145,1.6660581197636506,1.7830058866496736,146
11761.1845703125,0.6790058258233742,0.5,1.9981250000000004,0.7975104647156593,1.6666848725192451,1.7842481698651502,146
11771.1845703125,0.6795831535761733,0.5,1.9993750000000003,0.7977598815989161,1.6660483958185344,1.785156867948173,148
11781.1845703125,0.6801604813289724,0.5,2.0,0.7978845608028654,1.6666481431161855,1.7862996977514656,148
11791.1845703125,0.6807378090817715,0.5,2.001875,0.7982584815735915,1.6665724572159233,1.7869622507360376,150
11801.1845703125,0.6813151368345706,0.5,2.0043750000000005,0.7987567703122369,1.6671703182685549,1.7873912426834613,150
11811.1845703125,0.6818924645873696,0.5,2.005625,0.7990057981500293,1.667766902599179,1.7877550472746475,150
11821.1845703125,0.6824697923401687,0.5,2.00625,0.7991302829678213,1.6683717790850034,1.78811774818326,150
11831.1845703125,0.6830471200929679,0.5,2.009375,0.7997524164080746,1.6689614869053873,1.7884793456886752,150
11841.1845703125,0.6836244478457669,0.5,2.0106250000000006,0.8000011343168736,1.6695485689433307,1.7888398401146248,150
11851.1845703125,0.684201775598566,0.5,2.0137500000000004,0.8006225910518693,1.6701355885647862,1.7891992318279955,150
11861.1845703125,0.684779103351365,0.5,2.016875,0.801243565775684,1.6707197568549816,1.7895575212376458,150
11871.1845703125,0.6853564311041641,0.5,2.0187500000000003,0.8016159197106352,1.6713016027800711,1.78991470879327,150
11881.1845703125,0.6859337588569632,0.5,2.02125,0.8021121227415697,1.6718801732735118,1.7902707949842724,150
11891.1845703125,0.6865110866097623,0.5,2.0225000000000004,0.8023601091821033,1.6724554309538817,1.7906595779278804,150
11901.1845703125,0.6870884143625614,0.5,2.0256250000000002,0.8029797402182953,1.6730297733110466,1.7910640620258478,150
11911.1845703125,0.6876657421153605,0.5,2.026875,0.8032274587928196,1.6736022615084793,1.79146728840127,150
11921.1845703125,0.6882430698681595,0.5,2.026875,0.8032274587928196,1.6741732101785296,1.791869258963987,150
11931.1845703125,0.6888203976209586,0.5,2.028125,0.803475100993491,1.6747385589129773,1.7922699756418536,150
11941.1845703125,0.6893977253737577,0.5,2.030625,0.8039701565555527,1.6753067869825167,1.7926694403800063,150
11951.1845703125,0.6899750531265568,0.5,2.0318750000000003,0.8042175700578108,1.67586370339736,1.7930676551401488,150
11961.1845703125,0.6905523808793559,0.5,2.0325,0.804341248270008,1.6780992745646253,1.793849337418118,148
11971.1845703125,0.691129708632155,0.5,2.0337500000000004,0.8045885476604079,1.6790385615440055,1.7945116941069492,147
11981.1845703125,0.691707036384954,0.5,2.0356250000000005,0.8049593542924258,1.6796170178047687,1.7949802248054003,147
11991.1845703125,0.6922843641377531,0.5,2.036875,0.8052064638467632,1.6801925321764999,1.7954472910356107,147
12001.1845703125,0.6928616918905521,0.5,2.0387500000000003,0.8055769860523595,1.6807650389987485,1.7959128965513482,147
12011.1845703125,0.6934390196433513,0.5,2.0412500000000002,0.8060707507239441,1.6813370345639047,1.7963770450968313,147
12021.1845703125,0.6940163473961504,0.5,2.0431250000000003,0.806440875829876,1.681907817407755,1.796839740406445,147
12031.1845703125,0.6945936751489494,0.5,2.0450000000000004,0.8068108311406411,1.682475390251272,1.7973009862044556,147
12041.1845703125,0.6951710029017485,0.5,2.046875,0.8071806168897061,1.683039954276982,1.7977607862047529,147
12051.1845703125,0.6957483306545476,0.5,2.04875,0.8075502333100035,1.6829219435033833,1.7973940453975559,149
12061.1845703125,0.6963256584073467,0.5,2.0518750000000003,0.8081658850219834,1.684879843679671,1.7983614148521656,148
12071.1845703125,0.6969029861601458,0.5,2.053125,0.8084120144277269,1.6854270664547224,1.7991235901514568,148
12081.1845703125,0.6974803139129448,0.5,2.0537500000000004,0.8085350510336334,1.685972697975289,1.7998810620518533,148
12091.1845703125,0.6980576416657439,0.5,2.0556250000000005,0.8089040485660551,1.6865163678186454,1.8004162800199708,148
12101.1845703125,0.698634969418543,0.5,2.0587500000000003,0.809518670680843,1.6870628719482688,1.8007527312151668,148
12111.1845703125,0.699212297171342,0.5,2.06,0.8097643889049511,1.6876081905211158,1.8010859639764025,148
12121.1845703125,0.6997896249241412,0.5,2.061875,0.8101328265014346,1.690082133360022,1.8104584632699912,150
12131.1845703125,0.7003669526769403,0.5,2.0625,0.8102556018035718,1.6906104441066707,1.8107894946014769,150
12141.1845703125,0.7009442804297393,0.5,2.064375,0.8106238161383262,1.691140721925085,1.8111194351434499,150
12151.1845703125,0.7015216081825384,0.5,2.06625,0.8109918632928801,1.6916713475697833,1.8114482855475855,150
12161.1845703125,0.7020989359353375,0.5,2.0668750000000005,0.8111145085659129,1.6909831468152412,1.8109476949116827,152
12171.1845703125,0.7026762636881365,0.5,2.0700000000000003,0.8117274569709015,1.6915206338123387,1.8113209182616035,152
12181.1845703125,0.7032535914409357,0.5,2.0725000000000002,0.8122174826460622,1.6920414666630759,1.8116929244819306,152
12191.1845703125,0.7038309191937347,0.5,2.0743750000000003,0.8125848079754512,1.6925589071275524,1.8120637154159431,152
12201.1845703125,0.7044082469465338,0.5,2.0775,0.8131966481404268,1.6930769632441585,1.8124332929311318,152
12211.1845703125,0.7049855746993329,0.5,2.0806250000000004,0.8138080283095944,1.6935980346708348,1.8128016589183147,152
12221.1845703125,0.7055629024521319,0.5,2.0812500000000003,0.8139302492351629,1.6957124855814758,1.813719778612613,150
12231.1845703125,0.7061402302049311,0.5,2.08375,0.8144189495189033,1.696240051279724,1.8140399366400732,150
12241.1845703125,0.7067175579577302,0.5,2.08375,0.8144189495189033,1.6967631764448352,1.8143590123204825,150
12251.1845703125,0.7072948857105292,0.5,2.0856250000000003,0.8147852823732572,1.6972854468679845,1.8146770067123523,150
12261.1845703125,0.7078722134633283,0.5,2.08625,0.8149073567289311,1.6978038544170002,1.8149939209088664,150
12271.1845703125,0.7084495412161274,0.5,2.0875,0.8151514505959386,1.6983196175268513,1.8153097560368945,150
12281.1845703125,0.7090268689689264,0.5,2.0881250000000002,0.8152734701236929,1.6988338311405766,1.8156512323059912,150
12291.1845703125,0.7096041967217256,0.5,2.0887500000000006,0.8153954713918842,1.6993471133920115,1.8161017683624394,150
12301.1845703125,0.7101815244745247,0.5,2.09125,0.8158832940328244,1.6991372432771679,1.8164264961137448,152
12311.1845703125,0.7107588522273237,0.5,2.0925000000000002,0.8161270960086928,1.6996906882357201,1.8169432585465706,152
12321.1845703125,0.7113361799801228,0.5,2.0943750000000003,0.8164926624754056,1.7001817416399616,1.8174162852487057,152
12331.1845703125,0.7119135077329218,0.5,2.0968750000000003,0.8169798299784616,1.7006810170284161,1.8178122392069607,152
12341.1845703125,0.7124908354857209,0.5,2.0975,0.8171015764704539,1.701181957686256,1.8182053775503713,152
12351.1845703125,0.7130681632385201,0.5,2.099375,0.8174667071551572,1.7020171208599155,1.8188804991096603,151
12361.1845703125,0.7136454909913191,0.5,2.1006250000000004,0.8177100370331928,1.7025133289445415,1.819521536893272,151
12371.1845703125,0.7142228187441182,0.5,2.101875,0.8179532945239325,1.7030094096873398,1.8201589425475047,151
12381.1845703125,0.7148001464969173,0.5,2.1043750000000006,0.8184395926016865,1.703502893140464,1.8207927396798178,151
12391.1845703125,0.7153774742497163,0.5,2.106875,0.8189256019037835,1.7039954573495146,1.8214229517232832,151
12401.1845703125,0.7159548020025155,0.5,2.1081250000000002,0.8191684984245938,1.7044861775433175,1.8220496019377201,151
12411.1845703125,0.7165321297553146,0.5,2.11125,0.819775424860692,1.704977840296728,1.8226727134108296,151
12421.1845703125,0.7171094575081136,0.5,2.1118750000000004,0.819896756234828,1.7054766085841264,1.823292309059342,151
12431.1845703125,0.7176867852609127,0.5,2.115,0.8205031439785696,1.7059725511606607,1.8239084116301445,151
12441.1845703125,0.7182641130137117,0.5,2.1162500000000004,0.8207455736319552,1.7064530894658572,1.8245210437014348,151
12451.1845703125,0.7188414407665108,0.5,2.1181250000000005,0.8211090839060556,1.7084476286196182,1.8254741731902462,149
12461.1845703125,0.71941876851931,0.5,2.11875,0.8212302182408453,1.7089515014888101,1.8260944900782996,149
12471.1845703125,0.719996096272109,0.5,2.1200000000000006,0.8214724333230157,1.7094516398189248,1.8266514338546829,149
12481.1845703125,0.7205734240249081,0.5,2.120625,0.821593514086194,1.7099509495618632,1.8268274423122413,149
12491.1845703125,0.7211507517777072,0.5,2.1212500000000003,0.8217145770079572,1.7104498939098227,1.8270030365153125,149
12501.1845703125,0.7217280795305062,0.5,2.1225,0.8219566493587699,1.7109480010595706,1.8271782198898585,149
12511.1845703125,0.7223054072833053,0.5,2.1237500000000002,0.8221986504384604,1.7114454454393198,1.8273529959140478,149
12521.1845703125,0.7228827350361045,0.5,2.124375,0.822319624271299,1.7119418642406052,1.827527368119714,149
12531.1845703125,0.7234600627889035,0.5,2.1256250000000003,0.8225615185622411,1.7124369395838088,1.8277013400938602,149
12541.1845703125,0.7240373905417026,0.5,2.126875,0.8228033417391727,1.7129313459396487,1.8279803578763563,149
12551.1845703125,0.7246147182945016,0.5,2.12875,0.8231659433028947,1.712753484577749,1.828183690662125,151
12561.1845703125,0.7251920460473007,0.5,2.1293750000000005,0.8232867750016452,1.713232068234563,1.8284317279861082,151
12571.1845703125,0.7257693738000998,0.5,2.1350000000000002,0.8243734633055537,1.7139894370547282,1.828570696792779,152
12581.1845703125,0.7263467015528989,0.5,2.138125,0.82497656051352,1.714467645959599,1.8287889342485897,152
12591.1845703125,0.726924029305698,0.5,2.14,0.8253382073025046,1.7168019357348543,1.8376863608570384,154
12601.1845703125,0.7275013570584971,0.5,2.14,0.8253382073025046,1.7172677995091072,1.8381178991840348,154
12611.1845703125,0.7280786848112961,0.5,2.141875,0.8256996956944497,1.7177321883142278,1.838546196162398,154
12621.1845703125,0.7286560125640952,0.5,2.1431250000000004,0.8259406000600991,1.7181952456883416,1.8389712741179396,154
12631.1845703125,0.7292333403168944,0.5,2.1437500000000003,0.826061025897301,1.718663435378335,1.839393155241165,154
12641.1845703125,0.7298106680696934,0.5,2.1456250000000003,0.8264221981185501,1.719130017219885,1.8398118615876091,154
12651.1845703125,0.7303879958224925,0.5,2.146875,0.8266628919340856,1.7195933955053664,1.8402274150782034,154
12661.1845703125,0.7309653235752915,0.5,2.1481250000000003,0.826903515688835,1.721418808885983,1.8408047307926645,152
12671.1845703125,0.7315426513280906,0.5,2.15,0.8272643200907132,1.7218954610068622,1.8411659464487715,152
12681.1845703125,0.7321199790808897,0.5,2.1512500000000006,0.8275047689608078,1.7223717631808073,1.8415244542122755,152
12691.1845703125,0.7326973068336888,0.5,2.15375,0.8279854572203181,1.7228458676828922,1.8418802720981333,152
12701.1845703125,0.7332746345864879,0.5,2.155625,0.8283457903586725,1.7233201774032885,1.8421983337999432,152
12711.1845703125,0.733851962339287,0.5,2.1575,0.8287059668190694,1.7237944125961266,1.8424842571987503,152
12721.1845703125,0.734429290092086,0.5,2.1593750000000003,0.8290659868057084,1.7245970270229756,1.8428240124011588,151
12731.1845703125,0.7350066178448851,0.5,2.1612500000000003,0.8294258505223464,1.7250752382190058,1.8431279460112746,151
12741.1845703125,0.7355839455976841,0.5,2.161875,0.8295457704030457,1.725552935681938,1.8434299162805803,151
12751.1845703125,0.7361612733504833,0.5,2.1631250000000004,0.8297855581722982,1.726029274838057,1.843729932632629,151
12761.1845703125,0.7367386011032824,0.5,2.1637500000000003,0.8299054260758736,1.7265017645606962,1.8440280044663693,151
12771.1845703125,0.7373159288560814,0.5,2.1650000000000005,0.8301451099584379,1.7269730831560435,1.8443241411557654,151
12781.1845703125,0.7378932566088805,0.5,2.1668750000000006,0.8305045060832009,1.7267622377993872,1.8442514777778467,153
12791.1845703125,0.7384705843616796,0.5,2.1706250000000002,0.8312228321561498,1.7272201608464075,1.844502199106541,153
12801.1845703125,0.7390479121144787,0.5,2.171875,0.8314621362728554,1.7276829464308856,1.8447512988376924,153
12811.1845703125,0.7396252398672778,0.5,2.173125,0.83170137153497,1.728136636826893,1.8449987842686906,153
12821.1845703125,0.7402025676200769,0.5,2.1750000000000003,0.8320600954556977,1.728590326566667,1.845244662684668,153
12831.1845703125,0.7407798953728759,0.5,2.175625,0.8321796357329405,1.729056397395328,1.8454889413580717,153
12841.1845703125,0.741357223125675,0.5,2.1775,0.8325381535792844,1.7307152591768409,1.8464578979569743,151
12851.1845703125,0.741934550878474,0.5,2.1787500000000004,0.8327770797295841,1.7311883380105768,1.8469417596280036,151
12861.1845703125,0.7425118786312732,0.5,2.1806250000000005,0.8331353404816824,1.7316611893334306,1.8474232480790125,151
12871.1845703125,0.7430892063840723,0.5,2.18125,0.8332547265022824,1.7321309752294674,1.8479023746631627,151
12881.1845703125,0.7436665341368713,0.5,2.1818750000000002,0.8333740954200931,1.7326001274940863,1.848379150669453,151
12891.1845703125,0.7442438618896704,0.5,2.1837500000000003,0.8337320996302428,1.7330694845258818,1.8488535873230707,151
12901.1845703125,0.7448211896424695,0.5,2.1856250000000004,0.8340899501795042,1.7335380165506702,1.8493256957857598,151
12911.1845703125,0.7453985173952685,0.5,2.1875,0.8344476472655682,1.7354007280156862,1.8500859453488367,150
12921.1845703125,0.7459758451480677,0.5,2.18875,0.8346860268297127,1.735873855573861,1.8505525089806274,150
12931.1845703125,0.7465531729008668,0.5,2.189375,0.8348051910857028,1.7363480300474863,1.8508497772388883,150
12941.1845703125,0.7471305006536658,0.5,2.1900000000000004,0.8349243383340204,1.7368214851779562,1.851030036038306,150
12951.1845703125,0.7477078284064649,0.5,2.1900000000000004,0.8349243383340204,1.7372945190596534,1.851209771457709,150
12961.1845703125,0.7482851561592639,0.5,2.1918750000000005,0.8352816781057132,1.7377720028945105,1.8513889870412261,150
12971.1845703125,0.7488624839120631,0.5,2.1925000000000003,0.8354007573960902,1.7382511288927813,1.8515676863988053,150
12981.1845703125,0.7494398116648622,0.5,2.1950000000000003,0.8358769049168787,1.7380396839706675,1.8514641757323989,152
12991.1845703125,0.7500171394176612,0.5,2.196875,0.8362338376375444,1.7384912941886597,1.851694332417972,152
13001.1845703125,0.7505944671704603,0.5,2.1993750000000003,0.8367095110762605,1.7389467514001737,1.851923808832345,152
13011.1845703125,0.7511717949232594,0.5,2.203125,0.8374225146236898,1.7393798637627116,1.8521526088501346,152
13021.1845703125,0.7517491226760584,0.5,2.2037500000000003,0.8375412895359421,1.7398472238890217,1.8523807364055571,152
13031.1845703125,0.7523264504288576,0.5,2.205,0.8377787888430087,1.7403120603569524,1.8526081954947344,152
13041.1845703125,0.7529037781816567,0.5,2.2075000000000005,0.8382535855877492,1.740780450237213,1.8528175578302315,152
13051.1845703125,0.7534811059344557,0.5,2.20875,0.838490883139732,1.741249361520054,1.8530143066398945,152
13061.1845703125,0.7540584336872548,0.5,2.2100000000000004,0.8387281135541943,1.7417190645805976,1.8532104531836824,152
13071.1845703125,0.7546357614400538,0.5,2.21125,0.8389652768880886,1.7421887799127511,1.8534059996977261,152
13081.1845703125,0.7552130891928529,0.5,2.2125,0.8392023731982869,1.742939953459376,1.8537200492780614,151
13091.1845703125,0.7557904169456521,0.5,2.214375,0.8395578921183646,1.7434103982204372,1.8539400987577037,151
13101.1845703125,0.7563677446984511,0.5,2.2150000000000003,0.8396763649746827,1.7451786812830699,1.8543298786692528,150
13111.1845703125,0.7569450724512502,0.5,2.21625,0.839913260554223,1.745657910359812,1.8545741010343508,150
13121.1845703125,0.7575224002040493,0.5,2.218125,0.8402684786967917,1.7461350216283715,1.8548175656131536,150
13131.1845703125,0.7580997279568483,0.5,2.2193750000000003,0.840505207389669,1.746616961589068,1.8550602750192944,150
13141.1845703125,0.7586770557096474,0.5,2.2193750000000003,0.840505207389669,1.747101828015368,1.8553022318683956,150
13151.1845703125,0.7592543834624466,0.5,2.2225,0.8410967376250338,1.7476027049416556,1.8555434387786292,150
13161.1845703125,0.7598317112152456,0.5,2.226875,0.8419241817381948,1.7482411789356942,1.8557838983712758,150
13171.1845703125,0.7604090389680447,0.5,2.2287500000000002,0.8422785518058284,1.7487277361125313,1.8560236132712962,150
13181.1845703125,0.7609863667208437,0.5,2.23,0.8425147157111579,1.7492023545584705,1.8562625861079136,150
13191.1845703125,0.7615636944736428,0.5,2.2306250000000003,0.8426327728427837,1.7514285241031833,1.865283555411611,152
13201.1845703125,0.762141022226442,0.5,2.2325000000000004,0.8429868450369274,1.7530605630172962,1.8656062654201804,151
13211.1845703125,0.762718349979241,0.5,2.2331250000000002,0.8431048360578758,1.7535122857637329,1.8658312602130418,151
13221.1845703125,0.7632956777320401,0.5,2.2350000000000003,0.843458710086494,1.7539657736952898,1.8660546461130771,151
13231.1845703125,0.7638730054848392,0.5,2.235625,0.8435766351077044,1.7544206233544684,1.8662764314591271,151
13241.1845703125,0.7644503332376382,0.5,2.235625,0.8435766351077044,1.754875340076571,1.8664966245660861,151
13251.1845703125,0.7650276609904373,0.5,2.23625,0.8436945436462784,1.7553301457484753,1.866715233724305,151
13261.1845703125,0.7656049887432365,0.5,2.238125,0.8440481704352522,1.7557860174683615,1.866928963338353,151
13271.1845703125,0.7661823164960355,0.5,2.2387500000000005,0.8441660131123271,1.7562414139513975,1.8671384585983901,151
13281.1845703125,0.7667596442488346,0.5,2.24,0.8444016491289505,1.756697105986509,1.8673465978004196,151
13291.1845703125,0.7673369720016336,0.5,2.24375,0.8451081629737582,1.7571553673677727,1.8675533862151994,151
13301.1845703125,0.7679142997544327,0.5,2.2443750000000002,0.8452258578650711,1.757624440810113,1.8677588291050504,151
13311.1845703125,0.7684916275072318,0.5,2.246875,0.8456964736353136,1.7581229030862822,1.8679629317234574,151
13321.1845703125,0.7690689552600309,0.5,2.2481250000000004,0.8459316833391066,1.7586098690566154,1.8681656993146922,151
13331.1845703125,0.76964628301283,0.5,2.249375,0.8461668276614631,1.7590690820132722,1.8683671371134405,151
13341.1845703125,0.7702236107656291,0.5,2.25125,0.8465194216739855,1.7595206793348823,1.868567250344419,151
13351.1845703125,0.7708009385184281,0.5,2.251875,0.8466369203797598,1.7599601564882943,1.8687660442220233,151
13361.1845703125,0.7713782662712272,0.5,2.2543750000000005,0.8471067522252336,1.7603893597138485,1.869073662160531,151
13371.1845703125,0.7719555940240264,0.5,2.255625,0.8473415704562789,1.7608201647586432,1.8694573161619932,151
13381.1845703125,0.7725329217768254,0.5,2.258125,0.847811011805563,1.7623209995501452,1.8699657435938557,150
13391.1845703125,0.7731102495296245,0.5,2.259375,0.8480456350318077,1.762745962934905,1.8703405347129873,150
13401.1845703125,0.7736875772824235,0.5,2.2600000000000002,0.8481629223064204,1.7622186258213146,1.8704815892744187,152
13411.1845703125,0.7742649050352226,0.5,2.26125,0.8483974482122731,1.7626530120912804,1.8708634703484308,152
13421.1845703125,0.7748422327880217,0.5,2.2618750000000003,0.8485146868569581,1.7633334763853772,1.8713488303235515,151
13431.1845703125,0.7754195605408208,0.5,2.263125,0.8487491155634221,1.7637644709593474,1.8717218278120065,151
13441.1845703125,0.7759968882936199,0.5,2.265,0.8491006372664468,1.76419623094351,1.8720930719837423,151
13451.1845703125,0.776574216046419,0.5,2.266875,0.8494520135021639,1.7646310801357885,1.872462569262518,151
13461.1845703125,0.777151543799218,0.5,2.2681250000000004,0.8496861835999279,1.7650768628836995,1.8728303260418588,151
13471.1845703125,0.7777288715520171,0.5,2.269375,0.8499202891791324,1.7655278573938669,1.873196348685226,151
13481.1845703125,0.7783061993048161,0.5,2.27125,0.8502713266922123,1.7659672554594104,1.873560643526176,151
13491.1845703125,0.7788835270576153,0.5,2.2725000000000004,0.8505052712080416,1.7663883822023605,1.873923216868528,151
13501.1845703125,0.7794608548104144,0.5,2.27375,0.850739151391538,1.76680875876305,1.874284074986524,151
13511.1845703125,0.7800381825632134,0.5,2.275,0.8509729672957442,1.7672206075989714,1.8746432241249895,151
13521.1845703125,0.7806155103160125,0.5,2.2756250000000002,0.8510898511596697,1.7676301006511126,1.875000670499496,151
13531.1845703125,0.7811928380688116,0.5,2.276875,0.8513235707442374,1.7680399626679533,1.8753564202965198,151
13541.1845703125,0.7817701658216107,0.5,2.278125,0.8515572261818041,1.7684484394737447,1.8757104796736024,151
13551.1845703125,0.7823474935744098,0.5,2.2800000000000002,0.8519075891779829,1.7688530116856045,1.8760628547595055,151
13561.1845703125,0.7829248213272089,0.5,2.2800000000000002,0.8519075891779829,1.7692551281366238,1.8764135516543685,151
13571.1845703125,0.7835021490800079,0.5,2.280625,0.852024344827017,1.7696567094683624,1.876762576429864,151
13581.1845703125,0.784079476832807,0.5,2.28125,0.8521410844788394,1.7700572237706296,1.8771099351293543,151
13591.1845703125,0.784656804585606,0.5,2.2825,0.8523745158171391,1.770457411538559,1.877455633768038,151
13601.1845703125,0.7852341323384052,0.5,2.285,0.8528411868161397,1.770856867979464,1.877719517126763,151
13611.1845703125,0.7858114600912043,0.5,2.2862500000000003,0.8530744265816973,1.7712552270293844,1.877859682050387,151
13621.1845703125,0.7863887878440033,0.5,2.286875,0.8531910225538923,1.7716503577070615,1.8779802250734385,151
13631.1845703125,0.7869661155968024,0.5,2.2887500000000003,0.8535407149065304,1.7720451504442092,1.8780998608494124,151
13641.1845703125,0.7875434433496015,0.5,2.2887500000000003,0.8535407149065304,1.7724398596556274,1.8782185943352827,151
13651.1845703125,0.7881207711024005,0.5,2.2900000000000005,0.8537737635702334,1.772392378150069,1.8781609091248574,153
13661.1845703125,0.7886980988551997,0.5,2.2918750000000006,0.8541232173389712,1.7727706445824578,1.8782467377488616,153
13671.1845703125,0.7892754266079988,0.5,2.2931250000000003,0.8543561071094448,1.7731553451540258,1.8783318821570532,153
13681.1845703125,0.7898527543607978,0.5,2.294375,0.8545889334135651,1.773534568567187,1.8784163466698094,153
13691.1845703125,0.7904300821135969,0.5,2.2950000000000004,0.8547053227819514,1.7739139584304322,1.8785001356292785,153
13701.1845703125,0.791007409866396,0.5,2.2956250000000002,0.8548216963031908,1.7742909946538783,1.8785832534004023,153
13711.1845703125,0.791584737619195,0.5,2.2975000000000003,0.855170721848719,1.7746661137816226,1.878665704371969,153
13721.1845703125,0.7921620653719942,0.5,2.300625,0.8557521147514527,1.7731351739037187,1.8783584086864666,155
13731.1845703125,0.7927393931247932,0.5,2.3037500000000004,0.8563331129273863,1.7743843074428611,1.878619228120175,154
13741.1845703125,0.7933167208775923,0.5,2.30625,0.8567976278044701,1.7768897904979564,1.8793573996600401,151
13751.1845703125,0.7938940486303914,0.5,2.30625,0.8567976278044701,1.777258026583707,1.8794665376300173,151
13761.1845703125,0.7944713763831904,0.5,2.3068750000000002,0.856913717179409,1.7776260263886943,1.8795748335546354,151
13771.1845703125,0.7950487041359896,0.5,2.308125,0.8571458487608523,1.7779938858668043,1.879682292544042,151
13781.1845703125,0.7956260318887887,0.5,2.309375,0.857377917493617,1.7783619116692728,1.879788919726756,151
13791.1845703125,0.7962033596415877,0.5,2.31,0.8574939283076916,1.7787276783271833,1.8798947202507779,151
13801.1845703125,0.7967806873943868,0.5,2.3112500000000002,0.8577259028630804,1.779092858077644,1.8799996992847292,151
13811.1845703125,0.7973580151471859,0.5,2.3112500000000002,0.8577259028630804,1.7794578646715118,1.8801038620190256,151
13821.1845703125,0.7979353428999849,0.5,2.3112500000000002,0.8577259028630804,1.7798224450987405,1.8802072136671009,151
13831.1845703125,0.7985126706527841,0.5,2.3125,0.8579578146972122,1.7801868779005867,1.8803097594666602,151
13841.1845703125,0.7990899984055831,0.5,2.3131250000000003,0.8580737471096997,1.7805497528939263,1.8804115046809886,151
13851.1845703125,0.7996673261583822,0.5,2.31375,0.8581896638609356,1.7809103923457656,1.8805124546002843,151
13861.1845703125,0.8002446539111813,0.5,2.3156250000000003,0.8585373202105663,1.7810560831248978,1.879825524044165,153
13871.1845703125,0.8008219816639803,0.5,2.31875,0.8591164348263073,1.7814076189156887,1.8798979272279244,153
13881.1845703125,0.8013993094167794,0.5,2.3193750000000004,0.8592322109113052,1.7817557198810745,1.87996974307865,153
13891.1845703125,0.8019766371695786,0.5,2.3200000000000003,0.8593479713983122,1.7821026711568129,1.8800409766403043,153
13901.1845703125,0.8025539649223776,0.5,2.321875,0.8596951593343939,1.7824505000455686,1.8801116330088425,153
13911.1845703125,0.8031312926751767,0.5,2.3231250000000006,0.85992654008393,1.7827940018645951,1.8801817173342334,153
13921.1845703125,0.8037086204279758,0.5,2.325,0.8602734945221278,1.7831374803485591,1.8805287935342194,153
13931.1845703125,0.8042859481807748,0.5,2.325625,0.8603891149103283,1.78506157365739,1.8907317673289228,155
13941.1845703125,0.804863275933574,0.5,2.3262500000000004,0.8605047197633742,1.7854053652985749,1.8908810778000156,155
13951.1845703125,0.805440603686373,0.5,2.328125,0.8608514411741655,1.785748833214154,1.8910296586931252,155
13961.1845703125,0.8060179314391721,0.5,2.329375,0.8610825112202474,1.786089242419219,1.8911775124637185,155
13971.1845703125,0.8065952591919712,0.5,2.3306250000000004,0.8613135192757033,1.786426770679099,1.8913246415677598,155
13981.1845703125,0.8071725869447702,0.5,2.3312500000000003,0.8614290000725319,1.7867629486281527,1.891471048461436,155
13991.1845703125,0.8077499146975693,0.5,2.3325000000000005,0.8616599152355249,1.7870991869157054,1.8916167356008993,155
14001.1845703125,0.8083272424503685,0.5,2.3331250000000003,0.8617753496141305,1.7874348314059108,1.8917617054420122,155
14011.1845703125,0.8089045702031675,0.5,2.3350000000000004,0.8621215600129435,1.7877689693969394,1.891905960440108,155
14021.1845703125,0.8094818979559666,0.5,2.3350000000000004,0.8621215600129435,1.7881025629904725,1.8920495030497604,155
14031.1845703125,0.8100592257087657,0.5,2.3356250000000003,0.8622369325875668,1.7884358515391745,1.8921923357245596,155
14041.1845703125,0.8106365534615647,0.5,2.3375,0.8625829577232619,1.7888584449672904,1.8925621072503056,154
14051.1845703125,0.8112138812143638,0.5,2.3381250000000002,0.8626982685930671,1.7891940863950966,1.8927200703529719,154
14061.1845703125,0.811791208967163,0.5,2.339375,0.8629288441066305,1.789528557129193,1.8928772891179977,154
14071.1845703125,0.812368536719962,0.5,2.340625,0.8631593580266248,1.7898598426041539,1.8930337660442016,154
14081.1845703125,0.8129458644727611,0.5,2.3418750000000004,0.8633898104023842,1.7901900218618323,1.893189503628414,154
14091.1845703125,0.8135231922255601,0.5,2.3418750000000004,0.8633898104023842,1.7905194185291375,1.893344504365349,154
14101.1845703125,0.8141005199783592,0.5,2.34375,0.8637353736783387,1.790823413279025,1.8928462133992725,156
14111.1845703125,0.8146778477311584,0.5,2.3443750000000003,0.863850530718205,1.7911432711651145,1.89296716156422,156
14121.1845703125,0.8152551754839574,0.5,2.345,0.8639656724089153,1.7914698460034297,1.8930874632482322,156
14131.1845703125,0.8158325032367565,0.5,2.345625,0.8640807987566059,1.7917909961280503,1.8932071208331764,156
14141.1845703125,0.8164098309895556,0.5,2.345625,0.8640807987566059,1.7921120441272524,1.8933261366978555,156
14151.1845703125,0.8169871587423546,0.5,2.3462500000000004,0.8641959097674086,1.7924328861552696,1.8934445132178435,156
14161.1845703125,0.8175644864951537,0.5,2.3475,0.8644260858028572,1.7927534057829029,1.89356225276533,156
14171.1845703125,0.8181418142479528,0.5,2.3487500000000003,0.864656200564235,1.79307323139262,1.893679357708973,156
14181.1845703125,0.8187191420007519,0.5,2.35,0.86488625410045,1.7933900082988328,1.893795830413752,156
14191.1845703125,0.819296469753551,0.5,2.3506250000000004,0.8650012579243876,1.7937056196687509,1.8939116732408356,156
14201.1845703125,0.81987379750635,0.5,2.351875,0.86523121971442,1.7940195818146152,1.8940268885474474,156
14211.1845703125,0.8204511252591491,0.5,2.353125,0.8654611204012762,1.7943323552038357,1.894241734097057,156
14221.1845703125,0.8210284530119482,0.5,2.353125,0.8654611204012762,1.794644746803163,1.8944648486713516,156
14231.1845703125,0.8216057807647473,0.5,2.3543750000000006,0.8656909600336383,1.7940334786800491,1.8941728375425668,157
14241.1845703125,0.8221831085175464,0.5,2.3556250000000003,0.8659207386601224,1.7943429825932702,1.8943594486997537,157
14251.1845703125,0.8227604362703455,0.5,2.35875,0.8664949186440832,1.7946443810680932,1.8944913123470684,157
14261.1845703125,0.8233377640231445,0.5,2.360625,0.8668392440773611,1.7949422169530502,1.8946219924307999,157
14271.1845703125,0.8239150917759436,0.5,2.3618750000000004,0.8670687184014545,1.7952438330189884,1.8947514924412396,157
14281.1845703125,0.8244924195287426,0.5,2.3625000000000003,0.8671834327921664,1.79554870963196,1.8948798158557016,157
14291.1845703125,0.8250697472815418,0.5,2.363125,0.8672981320100202,1.7958532770707627,1.895006966139216,157
14301.1845703125,0.8256470750343409,0.5,2.3643750000000003,0.8675274849512263,1.796157825833437,1.8951704027196736,157
14311.1845703125,0.8262244027871399,0.5,2.365625,0.8677567772731768,1.7964624841953338,1.8954874143540146,157
14321.1845703125,0.826801730539939,0.5,2.365625,0.8677567772731768,1.7967669883452972,1.895803416927965,157
14331.1845703125,0.8273790582927381,0.5,2.3700000000000006,0.8685588237163814,1.7989473283227784,1.897263025638023,154
14341.1845703125,0.8279563860455372,0.5,2.371875,0.8689023312733017,1.7992572650796281,1.897510026350367,154
14351.1845703125,0.8285337137983363,0.5,2.371875,0.8689023312733017,1.7995665074103406,1.897756229425196,154
14361.1845703125,0.8291110415511354,0.5,2.3725,0.869016803618344,1.7998755890215825,1.8980016380442613,154
14371.1845703125,0.8296883693039344,0.5,2.3737500000000002,0.8692457030832957,1.8001835161262947,1.8982462554623687,154
14381.1845703125,0.8302656970567335,0.5,2.374375,0.8693601302151129,1.800646821618157,1.8979489632012838,156
14391.1845703125,0.8308430248095325,0.5,2.37625,0.8697033212792927,1.8009379985974663,1.8982359916241582,156
14401.1845703125,0.8314203525623317,0.5,2.3775000000000004,0.869932040105411,1.801247539912465,1.898522102771232,156
14411.1845703125,0.8319976803151308,0.5,2.37875,0.8701606988135537,1.8015508833534517,1.898807299941065,156
14421.1845703125,0.8325750080679298,0.5,2.3793750000000005,0.8702750056381932,1.8018501854887314,1.8990915864972564,156
14431.1845703125,0.8331523358207289,0.5,2.3793750000000005,0.8702750056381932,1.8021485817905578,1.89937496587131,156
14441.1845703125,0.833729663573528,0.5,2.3800000000000003,0.8703892974511014,1.802445931509473,1.8996574415656018,156
14451.1845703125,0.834306991326327,0.5,2.3818750000000004,0.8707320828785491,1.8027423797112312,1.899939017156477,156
14461.1845703125,0.8348843190791262,0.5,2.3818750000000004,0.8707320828785491,1.8030401046346953,1.900219696297466,156
14471.1845703125,0.8354616468319253,0.5,2.3825000000000003,0.8708463147036228,1.8033374838262688,1.900499482722642,156
14481.1845703125,0.8360389745847243,0.5,2.383125,0.870960531546491,1.803632375438018,1.900778380250114,156
14491.1845703125,0.8366163023375234,0.5,2.384375,0.8711889203091806,1.8039268102739088,1.9010563927856643,156
14501.1845703125,0.8371936300903224,0.5,2.3850000000000002,0.8713030922407775,1.8042208535442488,1.9013335243265486,156
14511.1845703125,0.8377709578431216,0.5,2.38625,0.8715313912338847,1.8045139975208837,1.901518617639528,156
14521.1845703125,0.8383482855959207,0.5,2.38625,0.8715313912338847,1.8048065234913668,1.9016010345864536,156
14531.1845703125,0.8389256133487197,0.5,2.3868750000000003,0.8716455183071473,1.8050983674013206,1.9016832028584296,156
14541.1845703125,0.8395029411015188,0.5,2.3868750000000003,0.8716455183071473,1.8053897545435478,1.9017651249098155,156
14551.1845703125,0.8400802688543179,0.5,2.388125,0.8718737276364422,1.8056807125826868,1.9018468032551081,156
14561.1845703125,0.8406575966071169,0.5,2.390625,0.8723299671902396,1.8059705275436595,1.901928240470792,156
14571.1845703125,0.8412349243599161,0.5,2.3912500000000003,0.8724439897993392,1.8062594103156069,1.902009439197246,156
14581.1845703125,0.8418122521127152,0.5,2.391875,0.8725579975083917,1.8065471361014789,1.9020904021407063,156
14591.1845703125,0.8423895798655142,0.5,2.3925,0.8726719903232366,1.8068338587340924,1.9021711320752863,156
14601.1845703125,0.8429669076183133,0.5,2.3925,0.8726719903232366,1.8071201071864005,1.902251631845062,156
14611.1845703125,0.8435442353711123,0.5,2.3937500000000003,0.8728999312936444,1.8074062802759534,1.9023319043662166,156
14621.1845703125,0.8441215631239114,0.5,2.394375,0.8730138794608674,1.807692412287231,1.9024119526292531,156
14631.1845703125,0.8446988908767106,0.5,2.3956250000000003,0.8732417311884744,1.8078677209626903,1.9027621233238217,155
14641.1845703125,0.8452762186295096,0.5,2.39625,0.8733556347604958,1.8081542801129333,1.9028629288375596,155
14651.1845703125,0.8458535463823087,0.5,2.396875,0.8734695234790812,1.8084402362155507,1.9029634480005897,155
14661.1845703125,0.8464308741351078,0.5,2.3975000000000004,0.8735833973500402,1.8087260751274339,1.9030636840697708,155
14671.1845703125,0.8470082018879068,0.5,2.3981250000000003,0.873697256379178,1.809011621403111,1.9031636403823171,155
14681.1845703125,0.8475855296407059,0.5,2.39875,0.8738111005722964,1.8092964164980683,1.9032633203583003,155
14691.1845703125,0.848162857393505,0.5,2.39875,0.8738111005722964,1.8095806794160845,1.9033627275032257,155
14701.1845703125,0.8487401851463041,0.5,2.4000000000000004,0.8740387444736634,1.8102093021030476,1.9026274359895103,157
14711.1845703125,0.8493175128991032,0.5,2.4018750000000004,0.8743800992003948,1.8104652362051017,1.9026849195594713,157
14721.1845703125,0.8498948406519022,0.5,2.4018750000000004,0.8743800992003948,1.8107471374543413,1.9027422854505287,157
14731.1845703125,0.8504721684047013,0.5,2.4018750000000004,0.8743800992003948,1.8110288373208154,1.9027995377386853,157
14741.1845703125,0.8510494961575005,0.5,2.4043750000000004,0.8748350316449106,1.8113095285376435,1.90285668061423,157
14751.1845703125,0.8516268239102995,0.5,2.4050000000000002,0.8749487277961016,1.8115849708788314,1.9029137183852642,157
14761.1845703125,0.8522041516630986,0.5,2.40625,0.8751760757868935,1.8118598704015876,1.9029706554813446,157
14771.1845703125,0.8527814794158977,0.5,2.4068750000000003,0.8752897276380041,1.8121347605517995,1.903027496457247,157
14781.1845703125,0.8533588071686967,0.5,2.4087500000000004,0.8756305946831723,1.811540871965546,1.902503499653768,158
14791.1845703125,0.8539361349214958,0.5,2.41,0.8758577656805558,1.8118144534132226,1.9025400478096002,158
14801.1845703125,0.854513462674295,0.5,2.41,0.8758577656805558,1.8120877880369775,1.9025765873710914,158
14811.1845703125,0.855090790427094,0.5,2.4112500000000003,0.8760848777719344,1.812360563956886,1.90258050724603,158
14821.1845703125,0.8556681181798931,0.5,2.4112500000000003,0.8760848777719344,1.812630754256163,1.902564485862717,158
14831.1845703125,0.8562454459326921,0.5,2.4137500000000003,0.8765389254198155,1.8128995597034236,1.902787567622987,158
14841.1845703125,0.8568227736854912,0.5,2.414375,0.8766524005870227,1.813167929901563,1.9031805350363686,158
14851.1845703125,0.8574001014382903,0.5,2.4156250000000004,0.8768793068676667,1.81343579144283,1.9035722756622875,158
14861.1845703125,0.8579774291910894,0.5,2.4156250000000004,0.8768793068676667,1.8137023780566626,1.903962791325525,158
14871.1845703125,0.8585547569438885,0.5,2.41875,0.877446315854733,1.815417760104512,1.9141757475045196,160
14881.1845703125,0.8591320846966876,0.5,2.4193750000000005,0.8775596736894357,1.8156797806878042,1.9143076675397694,160
14891.1845703125,0.8597094124494866,0.5,2.4193750000000005,0.8775596736894357,1.8159412330962827,1.9144383909926512,160
14901.1845703125,0.8602867402022857,0.5,2.4206250000000002,0.8777863454415535,1.8162022910654259,1.914567918410717,160
14911.1845703125,0.8608640679550849,0.5,2.4206250000000002,0.8777863454415535,1.8164630376178976,1.9146962502698666,160
14921.1845703125,0.8614413957078839,0.5,2.421875,0.8780129586750801,1.8167235049144321,1.9148233869733495,160
14931.1845703125,0.862018723460683,0.5,2.4225000000000003,0.87812624336153,1.8169850466823896,1.9149493288507113,160
14941.1845703125,0.862596051213482,0.5,2.42375,0.8783527689020868,1.8170410809140023,1.9152429904437678,159
14951.1845703125,0.8631733789662811,0.5,2.4262500000000005,0.8788056448119926,1.8173036291136475,1.9153789237174093,159
14961.1845703125,0.8637507067190802,0.5,2.4268750000000003,0.8789188273283757,1.81756628456205,1.9155136617851642,159
14971.1845703125,0.8643280344718793,0.5,2.428125,0.8791451486472622,1.8178295627891243,1.9156472047986879,159
14981.1845703125,0.8649053622246784,0.5,2.428125,0.8791451486472622,1.8180925927599467,1.91577955283475,159
14991.1845703125,0.8654826899774775,0.5,2.4287500000000004,0.8792582874610178,1.8183557927753897,1.915910705894168,159
15001.1845703125,0.8660600177302765,0.5,2.4293750000000003,0.8793714117184767,1.8186193931300476,1.9160406639007186,159
15011.1845703125,0.8666373454830756,0.5,2.4293750000000003,0.8793714117184767,1.8188828396305805,1.916169426700034,159
15021.1845703125,0.8672146732358746,0.5,2.4293750000000003,0.8793714117184767,1.8191461256920773,1.9162969940584853,159
15031.1845703125,0.8677920009886738,0.5,2.43,0.8794845214252559,1.819409291228262,1.9164233656620355,159
15041.1845703125,0.8683693287414729,0.5,2.4312500000000004,0.8797106972092252,1.8196730258281641,1.9165485411150844,159
15051.1845703125,0.8689466564942719,0.5,2.4325000000000006,0.8799368148577891,1.8199375989732673,1.9166725199392933,159
15061.1845703125,0.869523984247071,0.5,2.4325000000000006,0.8799368148577891,1.8202020737389377,1.9167953015723815,159
15071.1845703125,0.8701013119998701,0.5,2.4356250000000004,0.8805018549306953,1.8209569394258192,1.9162572311283368,161
15081.1845703125,0.8706786397526692,0.5,2.4362500000000002,0.8806148194388169,1.8212175356528524,1.9163528570365442,161
15091.1845703125,0.8712559675054683,0.5,2.4387500000000006,0.881066532635714,1.8214907888644951,1.916447281371081,161
15101.1845703125,0.8718332952582674,0.5,2.439375,0.8811794247538831,1.8217655760446345,1.9165405028466351,161
15111.1845703125,0.8724106230110664,0.5,2.4406250000000003,0.8814051656118849,1.822037559373831,1.9166325200775223,161
15121.1845703125,0.8729879507638655,0.5,2.44125,0.8815180143628257,1.8222996768746462,1.9167233315762215,161
15131.1845703125,0.8735652785166645,0.5,2.4418750000000005,0.8816308486691263,1.8225581593179878,1.9168129357519055,161
15141.1845703125,0.8741426062694637,0.5,2.443125,0.8818564739699843,1.8228187507015747,1.916901330908934,161
15151.1845703125,0.8747199340222628,0.5,2.443125,0.8818564739699843,1.8230800280017596,1.9169885152453305,161
15161.1845703125,0.8752972617750618,0.5,2.4443750000000004,0.882082041558779,1.8251781765448853,1.9179570861805306,159
15171.1845703125,0.8758745895278609,0.5,2.4468750000000004,0.8825330037771749,1.8254428487577616,1.9180666363369834,159
15181.1845703125,0.87645191728066,0.5,2.4481250000000006,0.8827583984951334,1.8257001746013644,1.918163450910433,159
15191.1845703125,0.877029245033459,0.5,2.4481250000000006,0.8827583984951334,1.8259537615266532,1.9182340405070348,159
15201.1845703125,0.8776065727862582,0.5,2.4493750000000003,0.882983735677743,1.826207108334672,1.918303539058984,159
15211.1845703125,0.8781839005390573,0.5,2.4493750000000003,0.882983735677743,1.8264602485022718,1.91837194498859,159
15221.1845703125,0.8787612282918563,0.5,2.4506250000000005,0.8832090153690417,1.8267184270482202,1.9186351800310182,159
15231.1845703125,0.8793385560446554,0.5,2.453125,0.8836594024535763,1.8275054238555724,1.918187859669806,161
15241.1845703125,0.8799158837974544,0.5,2.453125,0.8836594024535763,1.827750487140743,1.9185919839552388,161
15251.1845703125,0.8804932115502535,0.5,2.455,0.8839970421789918,1.8279947337988178,1.9189947955097881,161
15261.1845703125,0.8810705393030527,0.5,2.4575000000000005,0.8844470279766141,1.828227287699766,1.9193962961354312,161
15271.1845703125,0.8816478670558517,0.5,2.4581250000000003,0.8845594886583551,1.8282475810332486,1.9204306489165888,159
15281.1845703125,0.8822251948086508,0.5,2.459375,0.8847843671388302,1.828202339571422,1.9210816834966133,158
15291.1845703125,0.8828025225614499,0.5,2.4600000000000004,0.8848967849484624,1.8284530445939353,1.9214145508096472,158
15301.1845703125,0.8833798503142489,0.5,2.4606250000000003,0.8850091884782836,1.828703302351499,1.9217463345066277,158
15311.1845703125,0.8839571780670481,0.5,2.4606250000000003,0.8850091884782836,1.8289529393964175,1.9220770376651106,158
15321.1845703125,0.8845345058198472,0.5,2.46125,0.8851215777337342,1.82920197910711,1.9224066634343735,158
15331.1845703125,0.8851118335726462,0.5,2.4618750000000005,0.8852339527202512,1.8286362605229796,1.9225468918656905,159
15341.1845703125,0.8856891613254453,0.5,2.4631250000000002,0.8854586599082136,1.8288798662743107,1.9228955716455103,159
15351.1845703125,0.8862664890782443,0.5,2.4650000000000003,0.8857956138088764,1.8291211404927563,1.9232431081748182,159
15361.1845703125,0.8868438168310434,0.5,2.4650000000000003,0.8857956138088764,1.8293612709844298,1.923589504360477,159
15371.1845703125,0.8874211445838426,0.5,2.4650000000000003,0.8857956138088764,1.8296007529393692,1.9239347631680153,159
15381.1845703125,0.8879984723366416,0.5,2.4650000000000003,0.8857956138088764,1.8298396193442437,1.9242788876243002,159
15391.1845703125,0.8885758000894407,0.5,2.4643750000000004,0.8856833100855968,1.8300778877144475,1.9246218808203506,159
15401.1845703125,0.8891531278422398,0.5,2.4650000000000003,0.8857956138088764,1.8303156977932116,1.924963745914282,159
15411.1845703125,0.8897304555950388,0.5,2.465625,0.885907903295771,1.8305536760660415,1.9253044861344268,159
15421.1845703125,0.8903077833478379,0.5,2.465625,0.885907903295771,1.830791345321225,1.9256441047825974,159
15431.1845703125,0.8908851111006371,0.5,2.4668750000000004,0.8861324395820518,1.8310286506909625,1.9256724903292801,159
15441.1845703125,0.8914624388534361,0.5,2.4675000000000002,0.8862446863922534,1.831265902470367,1.9256961088044318,159
15451.1845703125,0.8920397666062352,0.5,2.46875,0.8864691373737911,1.8315018542559756,1.9257197432515736,159
15461.1845703125,0.8926170943590342,0.5,2.4700000000000006,0.8866935315394847,1.8317354742037941,1.9257433980050878,159
15471.1845703125,0.8931944221118333,0.5,2.470625,0.8868057073298682,1.83196821798831,1.9257670775174698,159
15481.1845703125,0.8937717498646325,0.5,2.470625,0.8868057073298682,1.8322000986534366,1.9257907863624755,159
15491.1845703125,0.8943490776174315,0.5,2.4731250000000005,0.8872542686672673,1.8330516284352474,1.9255161447944953,161
15501.1845703125,0.8949264053702306,0.5,2.4737500000000003,0.8873663735724677,1.8332794328734097,1.9254978335978823,161
15511.1845703125,0.8955037331230297,0.5,2.474375,0.8874784643167501,1.8335066761404744,1.9254797242980035,161
15521.1845703125,0.8960810608758287,0.5,2.475,0.8875905409054797,1.8337335775832666,1.9254618224686386,161
15531.1845703125,0.8966583886286278,0.5,2.4756250000000004,0.8877026033440181,1.8345095997791008,1.9248371475475687,163
15541.1845703125,0.897235716381427,0.5,2.4756250000000004,0.8877026033440181,1.8347180132589647,1.9248251476202387,163
15551.1845703125,0.897813044134226,0.5,2.476875,0.8879266857919501,1.8349300434323,1.9248132112211882,163
15561.1845703125,0.8983903718870251,0.5,2.4775000000000005,0.8880387058120505,1.835140192773275,1.924801343168578,163
15571.1845703125,0.8989676996398241,0.5,2.4787500000000002,0.8882627034712598,1.8353625823527226,1.924789548416966,163
15581.1845703125,0.8995450273926232,0.5,2.4787500000000002,0.8882627034712598,1.8355876589671114,1.9247778320612503,163
15591.1845703125,0.9001223551454223,0.5,2.4800000000000004,0.8884866446580956,1.8358127399526445,1.9247661993407363,163
15601.1845703125,0.9006996828982214,0.5,2.48125,0.8887105294152482,1.8360340230187648,1.9247869749575353,163
15611.1845703125,0.9012770106510205,0.5,2.4818750000000005,0.8888224506460195,1.8362485062302976,1.9248187230397535,163
15621.1845703125,0.9018543384038196,0.5,2.4825000000000004,0.8889343577853543,1.8364628700874306,1.9248505619464409,163
15631.1845703125,0.9024316661566186,0.5,2.4831250000000002,0.8890462508385744,1.8366771476722559,1.924882498530061,163
15641.1845703125,0.9030089939094177,0.5,2.4837500000000006,0.8891581298109973,1.8368920947235243,1.9249145398303507,163
15651.1845703125,0.9035863216622169,0.5,2.48625,0.8896055049989572,1.837105091760736,1.9249466930794885,163
15661.1845703125,0.9041636494150159,0.5,2.488125,0.889940888801635,1.8373169477938829,1.9249789657074274,163
15671.1845703125,0.904740977167815,0.5,2.4893750000000003,0.8901644078027239,1.8371395465616378,1.9251169314511862,162
15681.1845703125,0.905318304920614,0.5,2.49,0.8902761462589228,1.8373492993297698,1.9251263572259314,162
15691.1845703125,0.9058956326734131,0.5,2.49,0.8902761462589228,1.8375590453845767,1.9251360194286546,162
15701.1845703125,0.9064729604262122,0.5,2.490625,0.8903878706926008,1.8377688247344097,1.9251459267688495,162
15711.1845703125,0.9070502881790113,0.5,2.490625,0.8903878706926008,1.8379788714208654,1.9251560881969654,162
15721.1845703125,0.9076276159318104,0.5,2.4931250000000005,0.8908346283076132,1.8381897779758933,1.9253399287289494,162
15731.1845703125,0.9082049436846095,0.5,2.4931250000000005,0.8908346283076132,1.8384008362708473,1.9257849702218914,162
15741.1845703125,0.9087822714374085,0.5,2.4931250000000005,0.8908346283076132,1.8386117930215018,1.926228457802876,162
15751.1845703125,0.9093595991902076,0.5,2.4931250000000005,0.8908346283076132,1.8388226224392847,1.9266703911118543,162
15761.1845703125,0.9099369269430067,0.5,2.4937500000000004,0.8909462827077894,1.8390767685694365,1.9271107697570653,162
15771.1845703125,0.9105142546958058,0.5,2.4943750000000002,0.8910579231170626,1.8394429036564486,1.9279352818849163,160
15781.1845703125,0.9110915824486049,0.5,2.4943750000000002,0.8910579231170626,1.8396593316012861,1.9283754935169561,160
15791.1845703125,0.911668910201404,0.5,2.4950000000000006,0.8911695495406909,1.8398752652285861,1.9288140790110857,160
15801.1845703125,0.912246237954203,0.5,2.4950000000000006,0.8911695495406909,1.8400902996394222,1.9292510373133265,160
15811.1845703125,0.9128235657070021,0.5,2.4956250000000004,0.891281161983929,1.8403045818910342,1.9296863673216422,160
15821.1845703125,0.9134008934598011,0.5,2.4981250000000004,0.8917274720579613,1.8405157272390593,1.930120067884814,160
15831.1845703125,0.9139782212126003,0.5,2.4981250000000004,0.8917274720579613,1.840726026914798,1.9305521378012556,160
15841.1845703125,0.9145555489653994,0.5,2.4987500000000002,0.8918390146779558,1.8409357407984985,1.930982575817812,160
15851.1845703125,0.9151328767181984,0.5,2.4993750000000006,0.89195054334902,1.8411448671067003,1.9314113806285051,160
15861.1845703125,0.9157102044709975,0.5,2.4993750000000006,0.89195054334902,1.8413532676791884,1.9318385508732403,160
15871.1845703125,0.9162875322237966,0.5,2.5006250000000003,0.8921735588652814,1.8415609851559314,1.9322640851364716,160
15881.1845703125,0.9168648599765957,0.5,2.501875,0.892396518648561,1.8410427970271812,1.9326536744043448,161
15891.1845703125,0.9174421877293948,0.5,2.5031250000000003,0.892619422740622,1.842097615958942,1.9322917967316313,163
15901.1845703125,0.9180195154821938,0.5,2.5050000000000003,0.8929536745489073,1.8422605269908896,1.9325778383323755,163
15911.1845703125,0.9185968432349929,0.5,2.5050000000000003,0.8929536745489073,1.8424622045155512,1.9326091814440065,163
15921.1845703125,0.919174170987792,0.5,2.505625,0.8930650640178803,1.843995453851928,1.934866762088376,165
15931.1845703125,0.919751498740591,0.5,2.505625,0.8930650640178803,1.8441935339778102,1.934960527710727,165
15941.1845703125,0.9203288264933902,0.5,2.505625,0.8930650640178803,1.8443912333240804,1.935226191827747,165
15951.1845703125,0.9209061542461893,0.5,2.50625,0.8931764395952938,1.84458849683666,1.9355737245311775,165
15961.1845703125,0.9214834819989883,0.5,2.5075000000000003,0.893399149096223,1.8455070947053431,1.9358062496268162,167
15971.1845703125,0.9220608097517874,0.5,2.5093750000000004,0.8937331092907155,1.8457094211710023,1.9361087540966249,167
15981.1845703125,0.9226381375045865,0.5,2.5093750000000004,0.8937331092907155,1.8459011275383659,1.9364099912479658,167
15991.1845703125,0.9232154652573855,0.5,2.5100000000000002,0.8938444016277748,1.8460927579041289,1.9367099603340174,167
16001.1845703125,0.9237927930101847,0.5,2.5112500000000004,0.8940669447413009,1.8462855666693987,1.937008660553121,167
16011.1845703125,0.9243701207629837,0.5,2.5125,0.894289432475177,1.8464782972194291,1.937306091047576,167
16021.1845703125,0.9249474485157828,0.5,2.5131250000000005,0.8944006555876618,1.8466660000672797,1.9376022509023865,167
16031.1845703125,0.9255247762685819,0.5,2.5143750000000002,0.8946230603295271,1.8468543612157537,1.9378971391439754,167
16041.1845703125,0.9261021040213809,0.5,2.515625,0.8948454097949536,1.84704175272866,1.938190754738858,167
16051.1845703125,0.9266794317741801,0.5,2.5168750000000006,0.895067704025136,1.847230138241837,1.9384830965922752,167
16061.1845703125,0.9272567595269792,0.5,2.5175,0.8951788304398698,1.8474183657246728,1.93877416354679,167
16071.1845703125,0.9278340872797782,0.5,2.5181250000000004,0.8952899430612175,1.8476061549898426,1.9391713679240177,167
16081.1845703125,0.9284114150325773,0.5,2.5187500000000003,0.8954010418943139,1.8477942425129532,1.9396841891891683,167
16091.1845703125,0.9289887427853764,0.5,2.5200000000000005,0.895623198216277,1.8479820418608086,1.940197129471365,167
16101.1845703125,0.9295660705381754,0.5,2.519375,0.8955121269442908,1.8481694870623744,1.9407101974202476,167
16111.1845703125,0.9301433982909746,0.5,2.5225000000000004,0.8960673456267738,1.847895473585931,1.9414210137625478,166
16121.1845703125,0.9307207260437736,0.5,2.5231250000000003,0.8961783480856235,1.8480854203499435,1.9419161346477603,166
16131.1845703125,0.9312980537965727,0.5,2.52375,0.8962893367971873,1.8482749663814213,1.942411100025848,166
16141.1845703125,0.9318753815493718,0.5,2.5243750000000005,0.8964003117665716,1.8484630269693199,1.9429059164444176,166
16151.1845703125,0.9324527093021708,0.5,2.5250000000000004,0.8965112729988796,1.8486502803169043,1.9434005903782086,166
16161.1845703125,0.9330300370549699,0.5,2.5256250000000002,0.8966222204992114,1.848835894946657,1.9438951282248396,166
16171.1845703125,0.9336073648077691,0.5,2.5256250000000002,0.8966222204992114,1.8490189308714104,1.9443895363004273,166
16181.1845703125,0.9341846925605681,0.5,2.5262500000000006,0.896733154272664,1.8492014372439423,1.9448370232457108,166
16191.1845703125,0.9347620203133672,0.5,2.5268750000000004,0.896844074324331,1.8511706458902348,1.9451192222728022,164
16201.1845703125,0.9353393480661663,0.5,2.5275000000000003,0.8969549806593032,1.8513575421822444,1.9454923275230132,164
16211.1845703125,0.9359166758189653,0.5,2.528125,0.8970658732826681,1.8515425683004172,1.9461877600968664,164
16221.1845703125,0.9364940035717645,0.5,2.5293750000000004,0.8972876174149098,1.8527171229389587,1.946400351895455,166
16231.1845703125,0.9370713313245636,0.5,2.5287500000000005,0.89717675219951,1.852910931511131,1.9466998733030407,166
16241.1845703125,0.9376486590773626,0.5,2.5293750000000004,0.8972876174149098,1.8531037505170451,1.9469977092035335,166
16251.1845703125,0.9382259868301617,0.5,2.5300000000000002,0.897398468933946,1.8532958180799077,1.94906635101068,166
16261.1845703125,0.9388033145829607,0.5,2.5300000000000002,0.897398468933946,1.8534656710066308,1.9497488384856028,166
16271.1845703125,0.9393806423357598,0.5,2.5287500000000005,0.89717675219951,1.8536339260667665,1.9498439267268717,166
16281.1845703125,0.939957970088559,0.5,2.5293750000000004,0.8972876174149098,1.8538022022385985,1.9499230263446536,166
16291.1845703125,0.940535297841358,0.5,2.53125,0.8976201309032236,1.8539699863401187,1.9500021617294514,166
16301.1845703125,0.9411126255941571,0.5,2.5318750000000003,0.8977309413636054,1.8541369980876976,1.9500813548811846,166
16311.1845703125,0.9416899533469562,0.5,2.533125,0.8979525212611827,1.8543008340279659,1.9501616728211129,166
16321.1845703125,0.9422672810997552,0.5,2.5343750000000003,0.8981740464949122,1.8544621869845683,1.9504588085560983,166
16331.1845703125,0.9428446088525543,0.5,2.5343750000000003,0.8981740464949122,1.8546245586786394,1.9507916071230027,166
16341.1845703125,0.9434219366053535,0.5,2.535,0.8982847886254723,1.8547861640882402,1.9514694047614394,166
16351.1845703125,0.9439992643581525,0.5,2.5356250000000005,0.8983955171052305,1.854947071286031,1.9524909996757687,166
16361.1845703125,0.9445765921109516,0.5,2.5356250000000005,0.8983955171052305,1.855107072558631,1.953522246616501,166
16371.1845703125,0.9451539198637506,0.5,2.5362500000000003,0.8985062319392333,1.8552670369285313,1.9537151394767744,166
16381.1845703125,0.9457312476165497,0.5,2.536875,0.8986169331325246,1.8554266300075422,1.953865383551055,166
16391.18359375,0.9463085189896855,0.5,2.5381250000000004,0.8988382946171318,1.8555853437672354,1.9540140219078905,166
16401.18359375,0.9468858467424845,0.5,2.5400000000000005,0.8991702346646204,1.8557434241426682,1.9541610703928667,166
16411.18359375,0.9474631744952836,0.5,2.5400000000000005,0.8991702346646204,1.8559011124027565,1.954306500941269,166
16421.18359375,0.9480405022480827,0.5,2.5406250000000004,0.8992808541193865,1.8560581299539156,1.9544502997986013,166
16431.18359375,0.9486178300008817,0.5,2.5412500000000002,0.8993914599686602,1.8562142078395003,1.9547466367850683,166
16441.18359375,0.9491951577536809,0.5,2.5418750000000006,0.8995020522174606,1.85573307743835,1.9550127280536733,167
16451.18359375,0.94977248550648,0.5,2.5425000000000004,0.8996126308708031,1.8558870410183983,1.9552243613840246,167
16461.18359375,0.950349813259279,0.5,2.5418750000000006,0.8995020522174606,1.856036153389443,1.9552538401582935,167
16471.18359375,0.9509271410120781,0.5,2.5443750000000005,0.8999442853081976,1.8561846065666796,1.9552824119174246,167
16481.18359375,0.9515044687648772,0.5,2.5443750000000005,0.8999442853081976,1.856332423092276,1.9553100754880732,167
16491.18359375,0.9520817965176762,0.5,2.54375,0.8998337474111635,1.8573320719378466,1.9552693632652898,169
16501.18359375,0.9526591242704754,0.5,2.54375,0.8998337474111635,1.857480470970723,1.95529902104339,169
16511.18359375,0.9532364520232744,0.5,2.5462500000000006,0.9002758175667483,1.857620918281776,1.9553276586270625,169
16521.18359375,0.9538137797760735,0.5,2.546875,0.9003863011920727,1.8577549614884183,1.9554186754269205,169
16531.18359375,0.9543911075288726,0.5,2.5462500000000006,0.9002758175667483,1.8574695497436189,1.9555599185549384,171
16541.18359375,0.9549684352816716,0.5,2.546875,0.9003863011920727,1.8575839186210013,1.9557409192358293,171
16551.18359375,0.9555457630344707,0.5,2.5462500000000006,0.9002758175667483,1.8577037844688455,1.955921190552108,171
16561.18359375,0.9561230907872699,0.5,2.5462500000000006,0.9002758175667483,1.8578400266859618,1.9561007408963704,171
16571.18359375,0.9567004185400689,0.5,2.546875,0.9003863011920727,1.8592484824539592,1.960712424399036,173
16581.18359375,0.957277746292868,0.5,2.546875,0.9003863011920727,1.8593723728657312,1.9609594583552634,173
16591.18359375,0.957855074045667,0.5,2.54875,0.9007176707553464,1.8594926615389749,1.9606969063996578,173
16601.18359375,0.9584324017984661,0.5,2.5481250000000006,0.9006072277813852,1.8596090407377488,1.9592288797245425,173
16611.18359375,0.9590097295512653,0.5,2.5481250000000006,0.9006072277813852,1.8597225838990787,1.9594871356637833,173
16621.18359375,0.9595870573040644,0.5,2.54875,0.9007176707553464,1.8598348914464797,1.959828041316493,173
16631.18359375,0.9601643850568634,0.5,2.5500000000000003,0.9009385160867895,1.8594334001329165,1.9603151263693057,172
16641.18359375,0.9607417128096625,0.5,2.5481250000000006,0.9006072277813852,1.8595581112804929,1.9606528864361297,172
16651.18359375,0.9613190405624615,0.5,2.54875,0.9007176707553464,1.8596809792635143,1.9609892149688046,172
16661.18359375,0.9618963683152606,0.5,2.54875,0.9007176707553464,1.859802977133232,1.9612471256570807,172
16671.18359375,0.9624736960680598,0.5,2.5493750000000004,0.9008281001888215,1.8599262200667537,1.9614704355469417,172
16681.18359375,0.9630510238208588,0.5,2.5493750000000004,0.9008281001888215,1.8600443746161164,1.961692465225896,172
16691.18359375,0.9636283515736579,0.5,2.5493750000000004,0.9008281001888215,1.8601615868031418,1.961913211683417,172
16701.18359375,0.964205679326457,0.5,2.54875,0.9007176707553464,1.860277874575131,1.9621326717552054,172
16711.18359375,0.964783007079256,0.5,2.550625,0.9010489184542264,1.8603929871361098,1.9623508421224318,172
16721.18359375,0.9653603348320551,0.5,2.550625,0.9010489184542264,1.8605073123079023,1.9625677193110465,172
16731.18359375,0.9659376625848543,0.5,2.5500000000000003,0.9009385160867895,1.8606261055684603,1.96278329969116,172
16741.18359375,0.9665149903376533,0.5,2.550625,0.9010489184542264,1.8607460939249403,1.9629975794765002,172
16751.18359375,0.9670923180904524,0.5,2.550625,0.9010489184542264,1.8608929452289185,1.9632105547239516,172
16761.18359375,0.9676696458432514,0.5,2.5518750000000003,0.9012696826173956,1.8610472065063157,1.9634222213331805,172
16771.18359375,0.9682469735960505,0.5,2.5537500000000004,0.9016007275073904,1.8612881666132886,1.9636168827625369,172
16781.18359375,0.9688243013488497,0.5,2.555,0.9018213565887566,1.8614533652492427,1.9637986320485419,172
16791.18359375,0.9694016291016487,0.5,2.5556250000000005,0.9019316508907148,1.8615996752265256,1.9649476884952324,172
16801.18359375,0.9699789568544478,0.5,2.555,0.9018213565887566,1.8617207265727673,1.965832282132576,172
16811.18359375,0.9705562846072469,0.5,2.5556250000000005,0.9019316508907148,1.8618417509487342,1.966125248171666,172
16821.18359375,0.9711336123600459,0.5,2.5562500000000004,0.9020419317067888,1.8619605212303976,1.9664168943351086,172
16831.18359375,0.971710940112845,0.5,2.5575000000000006,0.9022624529010641,1.8620783042641542,1.9667072175220437,172
16841.18359375,0.9722882678656442,0.5,2.5581250000000004,0.9023726932891474,1.862195995585779,1.9669962145143012,172
16851.18359375,0.9728655956184432,0.5,2.559375,0.9025931336718884,1.8622984932855828,1.967283881976431,172
16861.18359375,0.9734429233712423,0.5,2.5587500000000003,0.902482920211111,1.8623988586958724,1.9675702164558408,172
16871.18359375,0.9740202511240413,0.5,2.5606250000000004,0.9028135202296038,1.8624985101471068,1.967855214383092,172
16881.18359375,0.9745975788768404,0.5,2.5618750000000006,0.9030338530017017,1.8625990654063431,1.96813887207232,172
16891.18359375,0.9751749066296395,0.5,2.5618750000000006,0.9030338530017017,1.8626998055822586,1.9683451146827033,172
16901.18359375,0.9757522343824386,0.5,2.5618750000000006,0.9030338530017017,1.8628035180644673,1.9685447574985895,172
16911.18359375,0.9763295621352377,0.5,2.5606250000000004,0.9028135202296038,1.8628253121401879,1.9689429706570685,170
16921.18359375,0.9769068898880368,0.5,2.5612500000000002,0.9029236933363937,1.8629275189202383,1.9691197630272548,170
16931.18359375,0.9774842176408358,0.5,2.5618750000000006,0.9030338530017017,1.8630274143261418,1.9692951409415718,170
16941.18359375,0.9780615453936349,0.5,2.5618750000000006,0.9030338530017017,1.8631266120766654,1.9694690945725062,170
16951.18359375,0.978638873146434,0.5,2.5631250000000003,0.9032541320275422,1.8632247173803147,1.9696416139421107,170
16961.18359375,0.9792162008992331,0.5,2.5637500000000006,0.903364251397903,1.8633213647741698,1.9698126889247658,170
16971.18359375,0.9797935286520322,0.5,2.5637500000000006,0.903364251397903,1.863412496200868,1.9699823092501885,170
16981.18359375,0.9803708564048312,0.5,2.5650000000000004,0.9035844498780528,1.865041110575186,1.9729197178752795,172
16991.18359375,0.9809481841576303,0.5,2.5637500000000006,0.903364251397903,1.8651271264959868,1.9731107753236365,172
17001.18359375,0.9815255119104294,0.5,2.5650000000000004,0.9035844498780528,1.8652127823403077,1.9732991545610397,172
17011.18359375,0.9821028396632285,0.5,2.564375,0.9034743573464376,1.8652984029957271,1.9734848324961847,172
17021.18359375,0.9826801674160276,0.5,2.5637500000000006,0.903364251397903,1.865382863455695,1.9736677858030371,172
17031.18359375,0.9832574951688267,0.5,2.5650000000000004,0.9035844498780528,1.864944159589994,1.9737944668526102,173
17041.18359375,0.9838348229216257,0.5,2.5656250000000003,0.903694528997652,1.866290803254907,1.9756105593999311,175
17051.18359375,0.9844121506744248,0.5,2.56625,0.9038045947101359,1.8663711214904417,1.9755814646962513,175
17061.18359375,0.9849894784272238,0.5,2.5668750000000005,0.903914647020402,1.8664509674632928,1.9755523065160192,175
17071.18359375,0.985566806180023,0.5,2.5675000000000003,0.9040246859333447,1.8665307861612486,1.9755232917349237,175
17081.18359375,0.9861441339328221,0.5,2.5668750000000005,0.903914647020402,1.8666097021450978,1.9754946934839426,175
17091.18359375,0.9867214616856211,0.5,2.5675000000000003,0.9040246859333447,1.8666874389624104,1.97546686464241,175
17101.18359375,0.9872987894384202,0.5,2.5675000000000003,0.9040246859333447,1.8667638766712789,1.9754313119979618,175
17111.18359375,0.9878761171912193,0.5,2.568125,0.904134711453856,1.8693892848820475,1.9751932473954856,175
17121.18359375,0.9884534449440183,0.5,2.568125,0.904134711453856,1.8694668413345126,1.9753505411171595,175
17131.18359375,0.9890307726968175,0.5,2.56875,0.9042447235868244,1.8695436317348348,1.9754788210690633,175
17141.18359375,0.9896081004496166,0.5,2.5718750000000004,0.9047945836094162,1.8696068858727644,1.97560408210779,175
17151.18359375,0.9901854282024156,0.5,2.5718750000000004,0.9047945836094162,1.8696710742748512,1.9757262980576382,175
17161.18359375,0.9907627559552147,0.5,2.5725000000000002,0.9049045155196219,1.8697386764087212,1.9758302031091806,175
17171.18359375,0.9913400837080137,0.5,2.5731250000000006,0.9050144340764221,1.869805172036496,1.9758923394069596,175
17181.18359375,0.9919174114608129,0.5,2.5725000000000002,0.9049045155196219,1.8698676942076542,1.975951895478477,175
17191.18359375,0.992494739213612,0.5,2.5743750000000003,0.9052342311492624,1.8699284518471502,1.9760088667316753,175
17201.18359375,0.993072066966411,0.5,2.5743750000000003,0.9052342311492624,1.86998886436592,1.9761952477533242,175
17211.18359375,0.9936493947192101,0.5,2.5743750000000003,0.9052342311492624,1.8700490177053162,1.976344400864252,175
17221.18359375,0.9942267224720092,0.5,2.5737500000000004,0.9051243392846816,1.8701073692112147,1.9764445471161682,175
17231.18359375,0.9948040502248082,0.5,2.5737500000000004,0.9051243392846816,1.8701664212059008,1.9765436312753424,175
17241.18359375,0.9953813779776074,0.5,2.5737500000000004,0.9051243392846816,1.870225042619208,1.976641688997879,175
17251.18359375,0.9959587057304065,0.5,2.5743750000000003,0.9052342311492624,1.8702829826714855,1.9767387554570421,175
17261.18359375,0.9965360334832055,0.5,2.5743750000000003,0.9052342311492624,1.8703409375350792,1.9768348652584666,175
17271.18359375,0.9971133612360046,0.5,2.5762500000000004,0.9055638267295083,1.870398115668945,1.9769300523776518,175
17281.18359375,0.9976906889888036,0.5,2.578125,0.9058933023913939,1.8704562152495126,1.9770243501155187,175
17291.18359375,0.9982680167416027,0.5,2.578125,0.9058933023913939,1.8705139923157919,1.9771040949271124,175
17301.18359375,0.9988453444944019,0.5,2.5787500000000003,0.9060031009861116,1.8705703902501811,1.977180376274813,175
17311.18359375,0.9994226722472009,0.5,2.5787500000000003,0.9060031009861116,1.8706257156758395,1.9772529383125208,175
17321.18359375,1.0,0.5,2.5762500000000004,0.9055638267295083,1.8706809035151943,1.9774923836520049,175
